-- phpMyAdmin SQL Dump
-- version 4.9.1
-- https://www.phpmyadmin.net/
--
-- Host: 127.0.0.1
-- Generation Time: Feb 27, 2023 at 07:35 AM
-- Server version: 10.4.8-MariaDB
-- PHP Version: 7.3.11

SET SQL_MODE = "NO_AUTO_VALUE_ON_ZERO";
SET AUTOCOMMIT = 0;
START TRANSACTION;
SET time_zone = "+00:00";


/*!40101 SET @OLD_CHARACTER_SET_CLIENT=@@CHARACTER_SET_CLIENT */;
/*!40101 SET @OLD_CHARACTER_SET_RESULTS=@@CHARACTER_SET_RESULTS */;
/*!40101 SET @OLD_COLLATION_CONNECTION=@@COLLATION_CONNECTION */;
/*!40101 SET NAMES utf8mb4 */;

--
-- Database: `db_durian`
--

-- --------------------------------------------------------

--
-- Table structure for table `failed_jobs`
--

CREATE TABLE `failed_jobs` (
  `id` bigint(20) UNSIGNED NOT NULL,
  `uuid` varchar(255) COLLATE utf8mb4_unicode_ci NOT NULL,
  `connection` text COLLATE utf8mb4_unicode_ci NOT NULL,
  `queue` text COLLATE utf8mb4_unicode_ci NOT NULL,
  `payload` longtext COLLATE utf8mb4_unicode_ci NOT NULL,
  `exception` longtext COLLATE utf8mb4_unicode_ci NOT NULL,
  `failed_at` timestamp NOT NULL DEFAULT current_timestamp()
) ENGINE=InnoDB DEFAULT CHARSET=utf8mb4 COLLATE=utf8mb4_unicode_ci;

-- --------------------------------------------------------

--
-- Table structure for table `kriteria_value_set`
--

CREATE TABLE `kriteria_value_set` (
  `id_value_set` bigint(20) UNSIGNED NOT NULL,
  `id_kriteria` int(11) NOT NULL,
  `keterangan_value` varchar(255) COLLATE utf8mb4_unicode_ci NOT NULL,
  `value` varchar(255) COLLATE utf8mb4_unicode_ci NOT NULL,
  `created_at` timestamp NULL DEFAULT NULL,
  `updated_at` timestamp NULL DEFAULT NULL,
  `deleted_at` timestamp NULL DEFAULT NULL
) ENGINE=InnoDB DEFAULT CHARSET=utf8mb4 COLLATE=utf8mb4_unicode_ci;

--
-- Dumping data for table `kriteria_value_set`
--

INSERT INTO `kriteria_value_set` (`id_value_set`, `id_kriteria`, `keterangan_value`, `value`, `created_at`, `updated_at`, `deleted_at`) VALUES
(1, 1, 'Manis Legit', '4', '2023-02-24 21:23:39', '2023-02-24 21:23:39', NULL),
(2, 1, 'Manis', '3', '2023-02-24 21:23:56', '2023-02-24 21:23:56', NULL),
(3, 1, 'Manis Sedikit Rasa Pahit', '2', '2023-02-24 21:24:11', '2023-02-24 21:24:11', NULL),
(4, 1, 'Hambar', '1', '2023-02-24 21:24:23', '2023-02-24 21:24:23', NULL),
(5, 2, 'Tebal, padat dg tekstur yang lembut', '4', '2023-02-24 21:24:39', '2023-02-24 21:24:39', NULL),
(6, 2, 'Tebal, renggang dg tekstur yang lembut', '3', '2023-02-24 21:24:53', '2023-02-24 21:24:53', NULL),
(7, 2, 'Berserat dan lebih lembek', '2', '2023-02-24 21:25:10', '2023-02-24 21:25:10', NULL),
(8, 2, 'Kecil dan bertekstur halus', '1', '2023-02-24 21:25:23', '2023-02-24 21:27:49', NULL),
(9, 3, 'Coklat', '4', '2023-02-24 21:25:42', '2023-02-24 21:25:42', NULL),
(10, 3, 'Kuning', '3', '2023-02-24 21:25:54', '2023-02-24 21:25:54', NULL),
(11, 3, 'Hijau', '2', '2023-02-24 21:26:06', '2023-02-24 21:26:06', NULL),
(12, 3, 'Merah', '1', '2023-02-24 21:26:15', '2023-02-24 21:26:15', NULL),
(13, 4, 'Keras, Duri hijau ujung coklat', '4', '2023-02-24 21:26:33', '2023-02-24 21:26:33', NULL),
(14, 4, 'Keras,Duri ujung coklat kering', '3', '2023-02-24 21:26:49', '2023-02-24 21:26:49', NULL),
(15, 4, 'Keras,Duri pendek dan berjarak', '2', '2023-02-24 21:27:01', '2023-02-24 21:27:01', NULL),
(16, 4, 'Keras,Duri Panjang dan Dempet', '1', '2023-02-24 21:27:35', '2023-02-24 21:27:35', NULL),
(17, 5, '30.000- 75.000', '4', '2023-02-24 21:28:21', '2023-02-24 21:28:21', NULL),
(18, 5, '76.000- 100.000', '3', '2023-02-24 21:28:34', '2023-02-24 21:28:34', NULL),
(19, 5, '101.000- 150.000', '2', '2023-02-24 21:28:48', '2023-02-24 21:28:48', NULL),
(20, 5, '151.000- 200.000', '1', '2023-02-24 21:29:01', '2023-02-24 21:29:01', NULL);

-- --------------------------------------------------------

--
-- Table structure for table `master_kriteria`
--

CREATE TABLE `master_kriteria` (
  `id_kriteria` bigint(20) UNSIGNED NOT NULL,
  `kode_kriteria` varchar(255) COLLATE utf8mb4_unicode_ci NOT NULL,
  `nama_kriteria` varchar(255) COLLATE utf8mb4_unicode_ci NOT NULL,
  `bobot` int(30) DEFAULT NULL,
  `faktor` varchar(255) COLLATE utf8mb4_unicode_ci NOT NULL,
  `created_at` timestamp NULL DEFAULT NULL,
  `updated_at` timestamp NULL DEFAULT NULL,
  `deleted_at` timestamp NULL DEFAULT NULL
) ENGINE=InnoDB DEFAULT CHARSET=utf8mb4 COLLATE=utf8mb4_unicode_ci;

--
-- Dumping data for table `master_kriteria`
--

INSERT INTO `master_kriteria` (`id_kriteria`, `kode_kriteria`, `nama_kriteria`, `bobot`, `faktor`, `created_at`, `updated_at`, `deleted_at`) VALUES
(1, 'A', 'Rasa', 3, 'core', '2023-02-24 20:30:22', '2023-02-24 20:30:22', NULL),
(2, 'B', 'Daging', 2, 'core', '2023-02-24 20:31:09', '2023-02-24 20:31:09', NULL),
(3, 'C', 'Warna Kulit', 2, 'secondary', '2023-02-24 20:31:36', '2023-02-24 20:31:36', NULL),
(4, 'D', 'Duri', 2, 'secondary', '2023-02-24 20:31:55', '2023-02-24 20:31:55', NULL),
(5, 'E', 'Harga', 3, 'secondary', '2023-02-24 20:32:14', '2023-02-24 20:32:14', NULL);

-- --------------------------------------------------------

--
-- Table structure for table `master_pembobotan`
--

CREATE TABLE `master_pembobotan` (
  `id_pembobotan` bigint(20) UNSIGNED NOT NULL,
  `selisih` varchar(255) COLLATE utf8mb4_unicode_ci NOT NULL,
  `nilai_pembobotan` varchar(255) COLLATE utf8mb4_unicode_ci NOT NULL,
  `ket_nilai_pembobotan` varchar(255) COLLATE utf8mb4_unicode_ci NOT NULL,
  `created_at` timestamp NULL DEFAULT NULL,
  `updated_at` timestamp NULL DEFAULT NULL,
  `deleted_at` timestamp NULL DEFAULT NULL
) ENGINE=InnoDB DEFAULT CHARSET=utf8mb4 COLLATE=utf8mb4_unicode_ci;

--
-- Dumping data for table `master_pembobotan`
--

INSERT INTO `master_pembobotan` (`id_pembobotan`, `selisih`, `nilai_pembobotan`, `ket_nilai_pembobotan`, `created_at`, `updated_at`, `deleted_at`) VALUES
(1, '-3', '4', 'nilai bobot', '2023-01-21 02:02:34', '2023-01-21 02:02:53', '2023-01-21 02:02:53'),
(2, '0', '5', 'Tidak ada selisih skor kriteria', '2023-01-24 12:06:44', '2023-01-24 12:06:44', NULL),
(3, '1', '4.5', 'Kriteria kelebihan 1 level', '2023-01-24 12:07:12', '2023-01-30 10:18:59', NULL),
(4, '-1', '4', 'Kriteria kekurangan 1 level', '2023-01-24 12:07:39', '2023-01-24 12:07:39', NULL),
(5, '2', '3.5', 'Kriteria kelebihan 2 level', '2023-01-24 12:08:02', '2023-01-30 10:19:09', NULL),
(6, '-2', '3', 'Kriteria kekurangan 2 level', '2023-01-24 12:08:15', '2023-01-24 12:08:15', NULL),
(7, '3', '2.5', 'Kriteria kelebihan 3 level', '2023-01-24 12:08:54', '2023-01-30 10:19:18', NULL),
(8, '-3', '2', 'Kriteria kekurangan 3 level', '2023-01-24 12:09:13', '2023-01-24 12:09:13', NULL),
(9, '4', '1.5', 'Kriteria kelebihan 4 level', '2023-01-24 12:09:35', '2023-01-30 10:19:26', NULL),
(10, '-4', '1', 'Kriteria kekurangan 4 level', '2023-01-24 12:09:53', '2023-01-24 12:09:53', NULL);

-- --------------------------------------------------------

--
-- Table structure for table `migrations`
--

CREATE TABLE `migrations` (
  `id` int(10) UNSIGNED NOT NULL,
  `migration` varchar(255) COLLATE utf8mb4_unicode_ci NOT NULL,
  `batch` int(11) NOT NULL
) ENGINE=InnoDB DEFAULT CHARSET=utf8mb4 COLLATE=utf8mb4_unicode_ci;

--
-- Dumping data for table `migrations`
--

INSERT INTO `migrations` (`id`, `migration`, `batch`) VALUES
(1, '2014_10_12_000000_create_users_table', 1),
(2, '2014_10_12_100000_create_password_resets_table', 1),
(3, '2019_08_19_000000_create_failed_jobs_table', 1),
(4, '2019_12_14_000001_create_personal_access_tokens_table', 1),
(5, '2023_01_13_152019_pm_kriteria', 1),
(6, '2023_01_17_020524_pm_value_set', 1),
(7, '2023_01_17_021200_m_data_uji_alt', 1),
(8, '2023_01_17_021519_m_value_data_uji', 1),
(9, '2023_01_17_070053_m_hitung_selisih', 1),
(10, '2023_01_17_070219_m_hitung', 1),
(11, '2023_01_17_070602_m_pemetaan_gap', 1),
(12, '2023_01_17_070839_m_core_faktor', 1),
(13, '2023_01_17_070950_m_secondary_faktor', 1),
(14, '2023_01_17_072458_m_nilai_akhir', 1),
(15, '2023_01_17_072805_pm_pembobotan', 1),
(16, '2023_01_30_035644_detail_data_uji', 2);

-- --------------------------------------------------------

--
-- Table structure for table `m_core_faktor`
--

CREATE TABLE `m_core_faktor` (
  `id_core_faktor` bigint(20) UNSIGNED NOT NULL,
  `id_hitung` int(11) NOT NULL,
  `id_data_uji` int(11) NOT NULL,
  `nilai_core_faktor` varchar(255) COLLATE utf8mb4_unicode_ci NOT NULL,
  `created_at` timestamp NULL DEFAULT NULL,
  `updated_at` timestamp NULL DEFAULT NULL,
  `deleted_at` timestamp NULL DEFAULT NULL
) ENGINE=InnoDB DEFAULT CHARSET=utf8mb4 COLLATE=utf8mb4_unicode_ci;

--
-- Dumping data for table `m_core_faktor`
--

INSERT INTO `m_core_faktor` (`id_core_faktor`, `id_hitung`, `id_data_uji`, `nilai_core_faktor`, `created_at`, `updated_at`, `deleted_at`) VALUES
(1, 7, 2, '4', NULL, NULL, NULL),
(2, 8, 2, '4', NULL, NULL, NULL),
(3, 8, 3, '4.5', NULL, NULL, NULL),
(4, 8, 4, '4.25', NULL, NULL, NULL),
(5, 8, 5, '5', NULL, NULL, NULL),
(6, 8, 6, '5', NULL, NULL, NULL),
(7, 9, 2, '4', NULL, NULL, NULL),
(8, 9, 3, '4.5', NULL, NULL, NULL),
(9, 9, 4, '4.25', NULL, NULL, NULL),
(10, 9, 5, '5', NULL, NULL, NULL),
(11, 9, 6, '5', NULL, NULL, NULL),
(12, 10, 2, '4', NULL, NULL, NULL),
(13, 10, 3, '4.5', NULL, NULL, NULL),
(14, 10, 4, '4.25', NULL, NULL, NULL),
(15, 10, 5, '5', NULL, NULL, NULL),
(16, 10, 6, '5', NULL, NULL, NULL),
(17, 11, 2, '4', NULL, NULL, NULL),
(18, 11, 3, '4.5', NULL, NULL, NULL),
(19, 11, 4, '4.25', NULL, NULL, NULL),
(20, 11, 5, '5', NULL, NULL, NULL),
(21, 11, 6, '5', NULL, NULL, NULL),
(22, 12, 2, '4', NULL, NULL, NULL),
(23, 12, 3, '4.5', NULL, NULL, NULL),
(24, 12, 4, '4.25', NULL, NULL, NULL),
(25, 12, 5, '5', NULL, NULL, NULL),
(26, 12, 6, '5', NULL, NULL, NULL),
(27, 13, 2, '4', NULL, NULL, NULL),
(28, 13, 3, '4.5', NULL, NULL, NULL),
(29, 13, 4, '4.25', NULL, NULL, NULL),
(30, 13, 5, '5', NULL, NULL, NULL),
(31, 13, 6, '5', NULL, NULL, NULL),
(32, 14, 2, '4', NULL, NULL, NULL),
(33, 14, 3, '4.5', NULL, NULL, NULL),
(34, 14, 4, '4.25', NULL, NULL, NULL),
(35, 14, 5, '5', NULL, NULL, NULL),
(36, 14, 6, '5', NULL, NULL, NULL),
(37, 15, 2, '4', NULL, NULL, NULL),
(38, 15, 3, '4.5', NULL, NULL, NULL),
(39, 15, 4, '4.25', NULL, NULL, NULL),
(40, 15, 5, '5', NULL, NULL, NULL),
(41, 15, 6, '5', NULL, NULL, NULL),
(42, 16, 2, '4', NULL, NULL, NULL),
(43, 16, 3, '4.5', NULL, NULL, NULL),
(44, 16, 4, '4.25', NULL, NULL, NULL),
(45, 16, 5, '5', NULL, NULL, NULL),
(46, 16, 6, '5', NULL, NULL, NULL),
(47, 17, 2, '4', NULL, NULL, NULL),
(48, 17, 3, '4.5', NULL, NULL, NULL),
(49, 17, 4, '4.25', NULL, NULL, NULL),
(50, 17, 5, '5', NULL, NULL, NULL),
(51, 17, 6, '5', NULL, NULL, NULL),
(52, 18, 2, '4', NULL, NULL, NULL),
(53, 18, 3, '4.5', NULL, NULL, NULL),
(54, 18, 4, '4.25', NULL, NULL, NULL),
(55, 18, 5, '5', NULL, NULL, NULL),
(56, 18, 6, '5', NULL, NULL, NULL),
(57, 19, 2, '4', NULL, NULL, NULL),
(58, 19, 3, '4.5', NULL, NULL, NULL),
(59, 19, 4, '4.25', NULL, NULL, NULL),
(60, 19, 5, '5', NULL, NULL, NULL),
(61, 19, 6, '5', NULL, NULL, NULL),
(62, 20, 2, '4', NULL, NULL, NULL),
(63, 20, 3, '4.5', NULL, NULL, NULL),
(64, 20, 4, '4.25', NULL, NULL, NULL),
(65, 20, 5, '5', NULL, NULL, NULL),
(66, 20, 6, '5', NULL, NULL, NULL),
(67, 21, 2, '4', NULL, NULL, NULL),
(68, 21, 3, '4.5', NULL, NULL, NULL),
(69, 21, 4, '4.25', NULL, NULL, NULL),
(70, 21, 5, '5', NULL, NULL, NULL),
(71, 21, 6, '5', NULL, NULL, NULL),
(72, 22, 2, '4', NULL, NULL, NULL),
(73, 22, 3, '4.5', NULL, NULL, NULL),
(74, 22, 4, '4.25', NULL, NULL, NULL),
(75, 22, 5, '5', NULL, NULL, NULL),
(76, 22, 6, '5', NULL, NULL, NULL),
(77, 23, 2, '4', NULL, NULL, NULL),
(78, 23, 3, '4.5', NULL, NULL, NULL),
(79, 23, 4, '4.25', NULL, NULL, NULL),
(80, 23, 5, '5', NULL, NULL, NULL),
(81, 23, 6, '5', NULL, NULL, NULL),
(82, 24, 2, '4', NULL, NULL, NULL),
(83, 24, 3, '4.5', NULL, NULL, NULL),
(84, 24, 4, '4.25', NULL, NULL, NULL),
(85, 24, 5, '5', NULL, NULL, NULL),
(86, 24, 6, '5', NULL, NULL, NULL),
(87, 25, 2, '4', NULL, NULL, NULL),
(88, 25, 3, '4.5', NULL, NULL, NULL),
(89, 25, 4, '4.25', NULL, NULL, NULL),
(90, 25, 5, '5', NULL, NULL, NULL),
(91, 25, 6, '5', NULL, NULL, NULL),
(92, 26, 2, '4', NULL, NULL, NULL),
(93, 26, 3, '4.5', NULL, NULL, NULL),
(94, 26, 4, '4.25', NULL, NULL, NULL),
(95, 26, 5, '5', NULL, NULL, NULL),
(96, 26, 6, '5', NULL, NULL, NULL),
(97, 27, 2, '4', NULL, NULL, NULL),
(98, 27, 3, '4.5', NULL, NULL, NULL),
(99, 27, 4, '4.25', NULL, NULL, NULL),
(100, 27, 5, '5', NULL, NULL, NULL),
(101, 27, 6, '5', NULL, NULL, NULL),
(102, 28, 2, '4', NULL, NULL, NULL),
(103, 28, 3, '4.5', NULL, NULL, NULL),
(104, 28, 4, '4.25', NULL, NULL, NULL),
(105, 28, 5, '5', NULL, NULL, NULL),
(106, 28, 6, '5', NULL, NULL, NULL),
(107, 29, 2, '4', NULL, NULL, NULL),
(108, 29, 3, '4.5', NULL, NULL, NULL),
(109, 29, 4, '4.25', NULL, NULL, NULL),
(110, 29, 5, '5', NULL, NULL, NULL),
(111, 29, 6, '5', NULL, NULL, NULL),
(112, 30, 2, '4', NULL, NULL, NULL),
(113, 30, 3, '4.5', NULL, NULL, NULL),
(114, 30, 4, '4.25', NULL, NULL, NULL),
(115, 30, 5, '5', NULL, NULL, NULL),
(116, 30, 6, '5', NULL, NULL, NULL),
(117, 31, 2, '4', NULL, NULL, NULL),
(118, 31, 3, '4.5', NULL, NULL, NULL),
(119, 31, 4, '4.25', NULL, NULL, NULL),
(120, 31, 5, '5', NULL, NULL, NULL),
(121, 31, 6, '5', NULL, NULL, NULL),
(122, 32, 2, '4', NULL, NULL, NULL),
(123, 32, 3, '4.5', NULL, NULL, NULL),
(124, 32, 4, '4.25', NULL, NULL, NULL),
(125, 32, 5, '5', NULL, NULL, NULL),
(126, 32, 6, '5', NULL, NULL, NULL),
(127, 33, 2, '4', NULL, NULL, NULL),
(128, 33, 3, '4.5', NULL, NULL, NULL),
(129, 33, 4, '4.25', NULL, NULL, NULL),
(130, 33, 5, '5', NULL, NULL, NULL),
(131, 33, 6, '5', NULL, NULL, NULL),
(132, 34, 2, '4', NULL, NULL, NULL),
(133, 34, 3, '4.5', NULL, NULL, NULL),
(134, 34, 4, '4.25', NULL, NULL, NULL),
(135, 34, 5, '5', NULL, NULL, NULL),
(136, 34, 6, '5', NULL, NULL, NULL),
(137, 35, 2, '4', NULL, NULL, NULL),
(138, 35, 3, '4.5', NULL, NULL, NULL),
(139, 35, 4, '4.25', NULL, NULL, NULL),
(140, 35, 5, '5', NULL, NULL, NULL),
(141, 35, 6, '5', NULL, NULL, NULL),
(142, 36, 2, '4', NULL, NULL, NULL),
(143, 36, 3, '4.5', NULL, NULL, NULL),
(144, 36, 4, '4.25', NULL, NULL, NULL),
(145, 36, 5, '5', NULL, NULL, NULL),
(146, 36, 6, '5', NULL, NULL, NULL),
(147, 37, 2, '4', NULL, NULL, NULL),
(148, 37, 3, '4.5', NULL, NULL, NULL),
(149, 37, 4, '4.25', NULL, NULL, NULL),
(150, 37, 5, '5', NULL, NULL, NULL),
(151, 37, 6, '5', NULL, NULL, NULL),
(152, 38, 2, '4', NULL, NULL, NULL),
(153, 38, 3, '4.5', NULL, NULL, NULL),
(154, 38, 4, '4.25', NULL, NULL, NULL),
(155, 38, 5, '5', NULL, NULL, NULL),
(156, 38, 6, '5', NULL, NULL, NULL),
(157, 39, 2, '4', NULL, NULL, NULL),
(158, 39, 3, '4.5', NULL, NULL, NULL),
(159, 39, 4, '4.25', NULL, NULL, NULL),
(160, 39, 5, '5', NULL, NULL, NULL),
(161, 39, 6, '5', NULL, NULL, NULL),
(162, 40, 2, '4', NULL, NULL, NULL),
(163, 40, 3, '4.5', NULL, NULL, NULL),
(164, 40, 4, '4.25', NULL, NULL, NULL),
(165, 40, 5, '5', NULL, NULL, NULL),
(166, 40, 6, '5', NULL, NULL, NULL),
(167, 41, 2, '4', NULL, NULL, NULL),
(168, 41, 3, '4.5', NULL, NULL, NULL),
(169, 41, 4, '4.25', NULL, NULL, NULL),
(170, 41, 5, '5', NULL, NULL, NULL),
(171, 41, 6, '5', NULL, NULL, NULL),
(172, 42, 2, '4', NULL, NULL, NULL),
(173, 42, 3, '4.5', NULL, NULL, NULL),
(174, 42, 4, '4.25', NULL, NULL, NULL),
(175, 42, 5, '5', NULL, NULL, NULL),
(176, 42, 6, '5', NULL, NULL, NULL),
(177, 43, 2, '4', NULL, NULL, NULL),
(178, 43, 3, '4.5', NULL, NULL, NULL),
(179, 43, 4, '4.25', NULL, NULL, NULL),
(180, 43, 5, '5', NULL, NULL, NULL),
(181, 43, 6, '5', NULL, NULL, NULL),
(182, 44, 2, '4', NULL, NULL, NULL),
(183, 44, 3, '4.5', NULL, NULL, NULL),
(184, 44, 4, '4.25', NULL, NULL, NULL),
(185, 44, 5, '5', NULL, NULL, NULL),
(186, 44, 6, '5', NULL, NULL, NULL),
(187, 45, 2, '4', NULL, NULL, NULL),
(188, 45, 3, '4.5', NULL, NULL, NULL),
(189, 45, 4, '4.25', NULL, NULL, NULL),
(190, 45, 5, '5', NULL, NULL, NULL),
(191, 45, 6, '5', NULL, NULL, NULL),
(192, 46, 2, '4', NULL, NULL, NULL),
(193, 46, 3, '4.5', NULL, NULL, NULL),
(194, 46, 4, '4.25', NULL, NULL, NULL),
(195, 46, 5, '5', NULL, NULL, NULL),
(196, 46, 6, '5', NULL, NULL, NULL),
(197, 47, 2, '4', NULL, NULL, NULL),
(198, 47, 3, '4.5', NULL, NULL, NULL),
(199, 47, 4, '4.25', NULL, NULL, NULL),
(200, 47, 5, '5', NULL, NULL, NULL),
(201, 47, 6, '5', NULL, NULL, NULL),
(202, 48, 2, '4', NULL, NULL, NULL),
(203, 48, 3, '4.5', NULL, NULL, NULL),
(204, 48, 4, '4.25', NULL, NULL, NULL),
(205, 48, 5, '5', NULL, NULL, NULL),
(206, 48, 6, '5', NULL, NULL, NULL),
(207, 49, 2, '4', NULL, NULL, NULL),
(208, 49, 3, '4.5', NULL, NULL, NULL),
(209, 49, 4, '4.25', NULL, NULL, NULL),
(210, 49, 5, '5', NULL, NULL, NULL),
(211, 49, 6, '5', NULL, NULL, NULL),
(212, 50, 2, '4', NULL, NULL, NULL),
(213, 50, 3, '4.5', NULL, NULL, NULL),
(214, 50, 4, '4.25', NULL, NULL, NULL),
(215, 50, 5, '5', NULL, NULL, NULL),
(216, 50, 6, '5', NULL, NULL, NULL),
(217, 51, 2, '4', NULL, NULL, NULL),
(218, 51, 3, '4.5', NULL, NULL, NULL),
(219, 51, 4, '4.25', NULL, NULL, NULL),
(220, 51, 5, '5', NULL, NULL, NULL),
(221, 51, 6, '5', NULL, NULL, NULL),
(222, 52, 2, '4', NULL, NULL, NULL),
(223, 52, 3, '4.5', NULL, NULL, NULL),
(224, 52, 4, '4.25', NULL, NULL, NULL),
(225, 52, 5, '5', NULL, NULL, NULL),
(226, 52, 6, '5', NULL, NULL, NULL),
(227, 53, 2, '4', NULL, NULL, NULL),
(228, 53, 3, '4.5', NULL, NULL, NULL),
(229, 53, 4, '4.25', NULL, NULL, NULL),
(230, 53, 5, '5', NULL, NULL, NULL),
(231, 53, 6, '5', NULL, NULL, NULL);

-- --------------------------------------------------------

--
-- Table structure for table `m_nilai_akhir`
--

CREATE TABLE `m_nilai_akhir` (
  `id_nilai_akhir` bigint(20) UNSIGNED NOT NULL,
  `id_hitung` int(11) NOT NULL,
  `id_data_uji` int(11) NOT NULL,
  `nilai_nilai_akhir` varchar(255) COLLATE utf8mb4_unicode_ci NOT NULL,
  `created_at` timestamp NULL DEFAULT NULL,
  `updated_at` timestamp NULL DEFAULT NULL,
  `deleted_at` timestamp NULL DEFAULT NULL
) ENGINE=InnoDB DEFAULT CHARSET=utf8mb4 COLLATE=utf8mb4_unicode_ci;

--
-- Dumping data for table `m_nilai_akhir`
--

INSERT INTO `m_nilai_akhir` (`id_nilai_akhir`, `id_hitung`, `id_data_uji`, `nilai_nilai_akhir`, `created_at`, `updated_at`, `deleted_at`) VALUES
(1, 7, 2, '4', NULL, NULL, NULL),
(2, 8, 2, '4', NULL, NULL, NULL),
(3, 8, 3, '4.5666666666667', NULL, NULL, NULL),
(4, 8, 4, '4.55', NULL, NULL, NULL),
(5, 8, 5, '4.8666666666667', NULL, NULL, NULL),
(6, 8, 6, '4.8666666666667', NULL, NULL, NULL),
(7, 9, 2, '4', NULL, NULL, NULL),
(8, 9, 3, '4.5666666666667', NULL, NULL, NULL),
(9, 9, 4, '4.55', NULL, NULL, NULL),
(10, 9, 5, '4.8666666666667', NULL, NULL, NULL),
(11, 9, 6, '4.8666666666667', NULL, NULL, NULL),
(12, 10, 2, '4', NULL, NULL, NULL),
(13, 10, 3, '4.5666666666667', NULL, NULL, NULL),
(14, 10, 4, '4.55', NULL, NULL, NULL),
(15, 10, 5, '4.8666666666667', NULL, NULL, NULL),
(16, 10, 6, '4.8666666666667', NULL, NULL, NULL),
(17, 11, 2, '4', NULL, NULL, NULL),
(18, 11, 3, '4.5666666666667', NULL, NULL, NULL),
(19, 11, 4, '4.55', NULL, NULL, NULL),
(20, 11, 5, '4.8666666666667', NULL, NULL, NULL),
(21, 11, 6, '4.8666666666667', NULL, NULL, NULL),
(22, 12, 2, '4', NULL, NULL, NULL),
(23, 12, 3, '4.5666666666667', NULL, NULL, NULL),
(24, 12, 4, '4.55', NULL, NULL, NULL),
(25, 12, 5, '4.8666666666667', NULL, NULL, NULL),
(26, 12, 6, '4.8666666666667', NULL, NULL, NULL),
(27, 13, 2, '4', NULL, NULL, NULL),
(28, 13, 3, '4.5666666666667', NULL, NULL, NULL),
(29, 13, 4, '4.55', NULL, NULL, NULL),
(30, 13, 5, '4.8666666666667', NULL, NULL, NULL),
(31, 13, 6, '4.8666666666667', NULL, NULL, NULL),
(32, 14, 2, '4', NULL, NULL, NULL),
(33, 14, 3, '4.5666666666667', NULL, NULL, NULL),
(34, 14, 4, '4.55', NULL, NULL, NULL),
(35, 14, 5, '4.8666666666667', NULL, NULL, NULL),
(36, 14, 6, '4.8666666666667', NULL, NULL, NULL),
(37, 15, 2, '4', NULL, NULL, NULL),
(38, 15, 3, '4.5666666666667', NULL, NULL, NULL),
(39, 15, 4, '4.55', NULL, NULL, NULL),
(40, 15, 5, '4.8666666666667', NULL, NULL, NULL),
(41, 15, 6, '4.8666666666667', NULL, NULL, NULL),
(42, 16, 2, '4', NULL, NULL, NULL),
(43, 16, 3, '4.5666666666667', NULL, NULL, NULL),
(44, 16, 4, '4.55', NULL, NULL, NULL),
(45, 16, 5, '4.8666666666667', NULL, NULL, NULL),
(46, 16, 6, '4.8666666666667', NULL, NULL, NULL),
(47, 17, 2, '4', NULL, NULL, NULL),
(48, 17, 3, '4.5666666666667', NULL, NULL, NULL),
(49, 17, 4, '4.55', NULL, NULL, NULL),
(50, 17, 5, '4.8666666666667', NULL, NULL, NULL),
(51, 17, 6, '4.8666666666667', NULL, NULL, NULL),
(52, 18, 2, '4', NULL, NULL, NULL),
(53, 18, 3, '4.5666666666667', NULL, NULL, NULL),
(54, 18, 4, '4.55', NULL, NULL, NULL),
(55, 18, 5, '4.8666666666667', NULL, NULL, NULL),
(56, 18, 6, '4.8666666666667', NULL, NULL, NULL),
(57, 19, 2, '4', NULL, NULL, NULL),
(58, 19, 3, '4.5666666666667', NULL, NULL, NULL),
(59, 19, 4, '4.55', NULL, NULL, NULL),
(60, 19, 5, '4.8666666666667', NULL, NULL, NULL),
(61, 19, 6, '4.8666666666667', NULL, NULL, NULL),
(62, 20, 2, '4', NULL, NULL, NULL),
(63, 20, 3, '4.5666666666667', NULL, NULL, NULL),
(64, 20, 4, '4.55', NULL, NULL, NULL),
(65, 20, 5, '4.8666666666667', NULL, NULL, NULL),
(66, 20, 6, '4.8666666666667', NULL, NULL, NULL),
(67, 21, 2, '4', NULL, NULL, NULL),
(68, 21, 3, '4.5666666666667', NULL, NULL, NULL),
(69, 21, 4, '4.55', NULL, NULL, NULL),
(70, 21, 5, '4.8666666666667', NULL, NULL, NULL),
(71, 21, 6, '4.8666666666667', NULL, NULL, NULL),
(72, 22, 2, '4', NULL, NULL, NULL),
(73, 22, 3, '4.5666666666667', NULL, NULL, NULL),
(74, 22, 4, '4.55', NULL, NULL, NULL),
(75, 22, 5, '4.8666666666667', NULL, NULL, NULL),
(76, 22, 6, '4.8666666666667', NULL, NULL, NULL),
(77, 23, 2, '4', NULL, NULL, NULL),
(78, 23, 3, '4.5666666666667', NULL, NULL, NULL),
(79, 23, 4, '4.55', NULL, NULL, NULL),
(80, 23, 5, '4.8666666666667', NULL, NULL, NULL),
(81, 23, 6, '4.8666666666667', NULL, NULL, NULL),
(82, 24, 2, '4', NULL, NULL, NULL),
(83, 24, 3, '4.5666666666667', NULL, NULL, NULL),
(84, 24, 4, '4.55', NULL, NULL, NULL),
(85, 24, 5, '4.8666666666667', NULL, NULL, NULL),
(86, 24, 6, '4.8666666666667', NULL, NULL, NULL),
(87, 25, 2, '4', NULL, NULL, NULL),
(88, 25, 3, '4.5666666666667', NULL, NULL, NULL),
(89, 25, 4, '4.55', NULL, NULL, NULL),
(90, 25, 5, '4.8666666666667', NULL, NULL, NULL),
(91, 25, 6, '4.8666666666667', NULL, NULL, NULL),
(92, 26, 2, '4', NULL, NULL, NULL),
(93, 26, 3, '4.5666666666667', NULL, NULL, NULL),
(94, 26, 4, '4.55', NULL, NULL, NULL),
(95, 26, 5, '4.8666666666667', NULL, NULL, NULL),
(96, 26, 6, '4.8666666666667', NULL, NULL, NULL),
(97, 27, 2, '4', NULL, NULL, NULL),
(98, 27, 3, '4.5666666666667', NULL, NULL, NULL),
(99, 27, 4, '4.55', NULL, NULL, NULL),
(100, 27, 5, '4.8666666666667', NULL, NULL, NULL),
(101, 27, 6, '4.8666666666667', NULL, NULL, NULL),
(102, 28, 2, '4', NULL, NULL, NULL),
(103, 28, 3, '4.5666666666667', NULL, NULL, NULL),
(104, 28, 4, '4.55', NULL, NULL, NULL),
(105, 28, 5, '4.8666666666667', NULL, NULL, NULL),
(106, 28, 6, '4.8666666666667', NULL, NULL, NULL),
(107, 29, 2, '4', NULL, NULL, NULL),
(108, 29, 3, '4.5666666666667', NULL, NULL, NULL),
(109, 29, 4, '4.55', NULL, NULL, NULL),
(110, 29, 5, '4.8666666666667', NULL, NULL, NULL),
(111, 29, 6, '4.8666666666667', NULL, NULL, NULL),
(112, 30, 2, '4', NULL, NULL, NULL),
(113, 30, 3, '4.5666666666667', NULL, NULL, NULL),
(114, 30, 4, '4.55', NULL, NULL, NULL),
(115, 30, 5, '4.8666666666667', NULL, NULL, NULL),
(116, 30, 6, '4.8666666666667', NULL, NULL, NULL),
(117, 31, 2, '4', NULL, NULL, NULL),
(118, 31, 3, '4.5666666666667', NULL, NULL, NULL),
(119, 31, 4, '4.55', NULL, NULL, NULL),
(120, 31, 5, '4.8666666666667', NULL, NULL, NULL),
(121, 31, 6, '4.8666666666667', NULL, NULL, NULL),
(122, 32, 2, '4', NULL, NULL, NULL),
(123, 32, 3, '4.5666666666667', NULL, NULL, NULL),
(124, 32, 4, '4.55', NULL, NULL, NULL),
(125, 32, 5, '4.8666666666667', NULL, NULL, NULL),
(126, 32, 6, '4.8666666666667', NULL, NULL, NULL),
(127, 33, 2, '4', NULL, NULL, NULL),
(128, 33, 3, '4.5666666666667', NULL, NULL, NULL),
(129, 33, 4, '4.55', NULL, NULL, NULL),
(130, 33, 5, '4.8666666666667', NULL, NULL, NULL),
(131, 33, 6, '4.8666666666667', NULL, NULL, NULL),
(132, 34, 2, '4', NULL, NULL, NULL),
(133, 34, 3, '4.5666666666667', NULL, NULL, NULL),
(134, 34, 4, '4.55', NULL, NULL, NULL),
(135, 34, 5, '4.8666666666667', NULL, NULL, NULL),
(136, 34, 6, '4.8666666666667', NULL, NULL, NULL),
(137, 35, 2, '4', NULL, NULL, NULL),
(138, 35, 3, '4.5666666666667', NULL, NULL, NULL),
(139, 35, 4, '4.55', NULL, NULL, NULL),
(140, 35, 5, '4.8666666666667', NULL, NULL, NULL),
(141, 35, 6, '4.8666666666667', NULL, NULL, NULL),
(142, 36, 2, '4', NULL, NULL, NULL),
(143, 36, 3, '4.5666666666667', NULL, NULL, NULL),
(144, 36, 4, '4.55', NULL, NULL, NULL),
(145, 36, 5, '4.8666666666667', NULL, NULL, NULL),
(146, 36, 6, '4.8666666666667', NULL, NULL, NULL),
(147, 37, 2, '4', NULL, NULL, NULL),
(148, 37, 3, '4.5666666666667', NULL, NULL, NULL),
(149, 37, 4, '4.55', NULL, NULL, NULL),
(150, 37, 5, '4.8666666666667', NULL, NULL, NULL),
(151, 37, 6, '4.8666666666667', NULL, NULL, NULL),
(152, 38, 2, '4', NULL, NULL, NULL),
(153, 38, 3, '4.5666666666667', NULL, NULL, NULL),
(154, 38, 4, '4.55', NULL, NULL, NULL),
(155, 38, 5, '4.8666666666667', NULL, NULL, NULL),
(156, 38, 6, '4.8666666666667', NULL, NULL, NULL),
(157, 39, 2, '4', NULL, NULL, NULL),
(158, 39, 3, '4.5666666666667', NULL, NULL, NULL),
(159, 39, 4, '4.55', NULL, NULL, NULL),
(160, 39, 5, '4.8666666666667', NULL, NULL, NULL),
(161, 39, 6, '4.8666666666667', NULL, NULL, NULL),
(162, 40, 2, '4', NULL, NULL, NULL),
(163, 40, 3, '4.5666666666667', NULL, NULL, NULL),
(164, 40, 4, '4.55', NULL, NULL, NULL),
(165, 40, 5, '4.8666666666667', NULL, NULL, NULL),
(166, 40, 6, '4.8666666666667', NULL, NULL, NULL),
(167, 41, 2, '4', NULL, NULL, NULL),
(168, 41, 3, '4.5666666666667', NULL, NULL, NULL),
(169, 41, 4, '4.55', NULL, NULL, NULL),
(170, 41, 5, '4.8666666666667', NULL, NULL, NULL),
(171, 41, 6, '4.8666666666667', NULL, NULL, NULL),
(172, 42, 2, '4', NULL, NULL, NULL),
(173, 42, 3, '4.5666666666667', NULL, NULL, NULL),
(174, 42, 4, '4.55', NULL, NULL, NULL),
(175, 42, 5, '4.8666666666667', NULL, NULL, NULL),
(176, 42, 6, '4.8666666666667', NULL, NULL, NULL),
(177, 43, 2, '4', NULL, NULL, NULL),
(178, 43, 3, '4.5666666666667', NULL, NULL, NULL),
(179, 43, 4, '4.55', NULL, NULL, NULL),
(180, 43, 5, '4.8666666666667', NULL, NULL, NULL),
(181, 43, 6, '4.8666666666667', NULL, NULL, NULL),
(182, 44, 2, '4', NULL, NULL, NULL),
(183, 44, 3, '4.5666666666667', NULL, NULL, NULL),
(184, 44, 4, '4.55', NULL, NULL, NULL),
(185, 44, 5, '4.8666666666667', NULL, NULL, NULL),
(186, 44, 6, '4.8666666666667', NULL, NULL, NULL),
(187, 45, 2, '4', NULL, NULL, NULL),
(188, 45, 3, '4.5666666666667', NULL, NULL, NULL),
(189, 45, 4, '4.55', NULL, NULL, NULL),
(190, 45, 5, '4.8666666666667', NULL, NULL, NULL),
(191, 45, 6, '4.8666666666667', NULL, NULL, NULL),
(192, 46, 2, '4', NULL, NULL, NULL),
(193, 46, 3, '4.5666666666667', NULL, NULL, NULL),
(194, 46, 4, '4.55', NULL, NULL, NULL),
(195, 46, 5, '4.8666666666667', NULL, NULL, NULL),
(196, 46, 6, '4.8666666666667', NULL, NULL, NULL),
(197, 47, 2, '4', NULL, NULL, NULL),
(198, 47, 3, '4.5666666666667', NULL, NULL, NULL),
(199, 47, 4, '4.55', NULL, NULL, NULL),
(200, 47, 5, '4.8666666666667', NULL, NULL, NULL),
(201, 47, 6, '4.8666666666667', NULL, NULL, NULL),
(202, 48, 2, '4', NULL, NULL, NULL),
(203, 48, 3, '4.5666666666667', NULL, NULL, NULL),
(204, 48, 4, '4.55', NULL, NULL, NULL),
(205, 48, 5, '4.8666666666667', NULL, NULL, NULL),
(206, 48, 6, '4.8666666666667', NULL, NULL, NULL),
(207, 49, 2, '4', NULL, NULL, NULL),
(208, 49, 3, '4.5666666666667', NULL, NULL, NULL),
(209, 49, 4, '4.55', NULL, NULL, NULL),
(210, 49, 5, '4.8666666666667', NULL, NULL, NULL),
(211, 49, 6, '4.8666666666667', NULL, NULL, NULL),
(212, 50, 2, '4', NULL, NULL, NULL),
(213, 50, 3, '4.5666666666667', NULL, NULL, NULL),
(214, 50, 4, '4.55', NULL, NULL, NULL),
(215, 50, 5, '4.8666666666667', NULL, NULL, NULL),
(216, 50, 6, '4.8666666666667', NULL, NULL, NULL),
(217, 51, 2, '4', NULL, NULL, NULL),
(218, 51, 3, '4.5666666666667', NULL, NULL, NULL),
(219, 51, 4, '4.55', NULL, NULL, NULL),
(220, 51, 5, '4.8666666666667', NULL, NULL, NULL),
(221, 51, 6, '4.8666666666667', NULL, NULL, NULL),
(222, 52, 2, '4', NULL, NULL, NULL),
(223, 52, 3, '4.5666666666667', NULL, NULL, NULL),
(224, 52, 4, '4.55', NULL, NULL, NULL),
(225, 52, 5, '4.8666666666667', NULL, NULL, NULL),
(226, 52, 6, '4.8666666666667', NULL, NULL, NULL),
(227, 53, 2, '4', NULL, NULL, NULL),
(228, 53, 3, '4.5666666666667', NULL, NULL, NULL),
(229, 53, 4, '4.55', NULL, NULL, NULL),
(230, 53, 5, '4.8666666666667', NULL, NULL, NULL),
(231, 53, 6, '4.8666666666667', NULL, NULL, NULL);

-- --------------------------------------------------------

--
-- Table structure for table `m_secondary_faktor`
--

CREATE TABLE `m_secondary_faktor` (
  `id_secondary_faktor` bigint(20) UNSIGNED NOT NULL,
  `id_hitung` int(11) NOT NULL,
  `id_data_uji` int(11) NOT NULL,
  `nilai_secondary_faktor` varchar(255) COLLATE utf8mb4_unicode_ci NOT NULL,
  `created_at` timestamp NULL DEFAULT NULL,
  `updated_at` timestamp NULL DEFAULT NULL,
  `deleted_at` timestamp NULL DEFAULT NULL
) ENGINE=InnoDB DEFAULT CHARSET=utf8mb4 COLLATE=utf8mb4_unicode_ci;

--
-- Dumping data for table `m_secondary_faktor`
--

INSERT INTO `m_secondary_faktor` (`id_secondary_faktor`, `id_hitung`, `id_data_uji`, `nilai_secondary_faktor`, `created_at`, `updated_at`, `deleted_at`) VALUES
(1, 7, 2, '4', NULL, NULL, NULL),
(2, 8, 2, '4', NULL, NULL, NULL),
(3, 8, 3, '4.6666666666667', NULL, NULL, NULL),
(4, 8, 4, '5', NULL, NULL, NULL),
(5, 8, 5, '4.6666666666667', NULL, NULL, NULL),
(6, 8, 6, '4.6666666666667', NULL, NULL, NULL),
(7, 9, 2, '4', NULL, NULL, NULL),
(8, 9, 3, '4.6666666666667', NULL, NULL, NULL),
(9, 9, 4, '5', NULL, NULL, NULL),
(10, 9, 5, '4.6666666666667', NULL, NULL, NULL),
(11, 9, 6, '4.6666666666667', NULL, NULL, NULL),
(12, 10, 2, '4', NULL, NULL, NULL),
(13, 10, 3, '4.6666666666667', NULL, NULL, NULL),
(14, 10, 4, '5', NULL, NULL, NULL),
(15, 10, 5, '4.6666666666667', NULL, NULL, NULL),
(16, 10, 6, '4.6666666666667', NULL, NULL, NULL),
(17, 11, 2, '4', NULL, NULL, NULL),
(18, 11, 3, '4.6666666666667', NULL, NULL, NULL),
(19, 11, 4, '5', NULL, NULL, NULL),
(20, 11, 5, '4.6666666666667', NULL, NULL, NULL),
(21, 11, 6, '4.6666666666667', NULL, NULL, NULL),
(22, 12, 2, '4', NULL, NULL, NULL),
(23, 12, 3, '4.6666666666667', NULL, NULL, NULL),
(24, 12, 4, '5', NULL, NULL, NULL),
(25, 12, 5, '4.6666666666667', NULL, NULL, NULL),
(26, 12, 6, '4.6666666666667', NULL, NULL, NULL),
(27, 13, 2, '4', NULL, NULL, NULL),
(28, 13, 3, '4.6666666666667', NULL, NULL, NULL),
(29, 13, 4, '5', NULL, NULL, NULL),
(30, 13, 5, '4.6666666666667', NULL, NULL, NULL),
(31, 13, 6, '4.6666666666667', NULL, NULL, NULL),
(32, 14, 2, '4', NULL, NULL, NULL),
(33, 14, 3, '4.6666666666667', NULL, NULL, NULL),
(34, 14, 4, '5', NULL, NULL, NULL),
(35, 14, 5, '4.6666666666667', NULL, NULL, NULL),
(36, 14, 6, '4.6666666666667', NULL, NULL, NULL),
(37, 15, 2, '4', NULL, NULL, NULL),
(38, 15, 3, '4.6666666666667', NULL, NULL, NULL),
(39, 15, 4, '5', NULL, NULL, NULL),
(40, 15, 5, '4.6666666666667', NULL, NULL, NULL),
(41, 15, 6, '4.6666666666667', NULL, NULL, NULL),
(42, 16, 2, '4', NULL, NULL, NULL),
(43, 16, 3, '4.6666666666667', NULL, NULL, NULL),
(44, 16, 4, '5', NULL, NULL, NULL),
(45, 16, 5, '4.6666666666667', NULL, NULL, NULL),
(46, 16, 6, '4.6666666666667', NULL, NULL, NULL),
(47, 17, 2, '4', NULL, NULL, NULL),
(48, 17, 3, '4.6666666666667', NULL, NULL, NULL),
(49, 17, 4, '5', NULL, NULL, NULL),
(50, 17, 5, '4.6666666666667', NULL, NULL, NULL),
(51, 17, 6, '4.6666666666667', NULL, NULL, NULL),
(52, 18, 2, '4', NULL, NULL, NULL),
(53, 18, 3, '4.6666666666667', NULL, NULL, NULL),
(54, 18, 4, '5', NULL, NULL, NULL),
(55, 18, 5, '4.6666666666667', NULL, NULL, NULL),
(56, 18, 6, '4.6666666666667', NULL, NULL, NULL),
(57, 19, 2, '4', NULL, NULL, NULL),
(58, 19, 3, '4.6666666666667', NULL, NULL, NULL),
(59, 19, 4, '5', NULL, NULL, NULL),
(60, 19, 5, '4.6666666666667', NULL, NULL, NULL),
(61, 19, 6, '4.6666666666667', NULL, NULL, NULL),
(62, 20, 2, '4', NULL, NULL, NULL),
(63, 20, 3, '4.6666666666667', NULL, NULL, NULL),
(64, 20, 4, '5', NULL, NULL, NULL),
(65, 20, 5, '4.6666666666667', NULL, NULL, NULL),
(66, 20, 6, '4.6666666666667', NULL, NULL, NULL),
(67, 21, 2, '4', NULL, NULL, NULL),
(68, 21, 3, '4.6666666666667', NULL, NULL, NULL),
(69, 21, 4, '5', NULL, NULL, NULL),
(70, 21, 5, '4.6666666666667', NULL, NULL, NULL),
(71, 21, 6, '4.6666666666667', NULL, NULL, NULL),
(72, 22, 2, '4', NULL, NULL, NULL),
(73, 22, 3, '4.6666666666667', NULL, NULL, NULL),
(74, 22, 4, '5', NULL, NULL, NULL),
(75, 22, 5, '4.6666666666667', NULL, NULL, NULL),
(76, 22, 6, '4.6666666666667', NULL, NULL, NULL),
(77, 23, 2, '4', NULL, NULL, NULL),
(78, 23, 3, '4.6666666666667', NULL, NULL, NULL),
(79, 23, 4, '5', NULL, NULL, NULL),
(80, 23, 5, '4.6666666666667', NULL, NULL, NULL),
(81, 23, 6, '4.6666666666667', NULL, NULL, NULL),
(82, 24, 2, '4', NULL, NULL, NULL),
(83, 24, 3, '4.6666666666667', NULL, NULL, NULL),
(84, 24, 4, '5', NULL, NULL, NULL),
(85, 24, 5, '4.6666666666667', NULL, NULL, NULL),
(86, 24, 6, '4.6666666666667', NULL, NULL, NULL),
(87, 25, 2, '4', NULL, NULL, NULL),
(88, 25, 3, '4.6666666666667', NULL, NULL, NULL),
(89, 25, 4, '5', NULL, NULL, NULL),
(90, 25, 5, '4.6666666666667', NULL, NULL, NULL),
(91, 25, 6, '4.6666666666667', NULL, NULL, NULL),
(92, 26, 2, '4', NULL, NULL, NULL),
(93, 26, 3, '4.6666666666667', NULL, NULL, NULL),
(94, 26, 4, '5', NULL, NULL, NULL),
(95, 26, 5, '4.6666666666667', NULL, NULL, NULL),
(96, 26, 6, '4.6666666666667', NULL, NULL, NULL),
(97, 27, 2, '4', NULL, NULL, NULL),
(98, 27, 3, '4.6666666666667', NULL, NULL, NULL),
(99, 27, 4, '5', NULL, NULL, NULL),
(100, 27, 5, '4.6666666666667', NULL, NULL, NULL),
(101, 27, 6, '4.6666666666667', NULL, NULL, NULL),
(102, 28, 2, '4', NULL, NULL, NULL),
(103, 28, 3, '4.6666666666667', NULL, NULL, NULL),
(104, 28, 4, '5', NULL, NULL, NULL),
(105, 28, 5, '4.6666666666667', NULL, NULL, NULL),
(106, 28, 6, '4.6666666666667', NULL, NULL, NULL),
(107, 29, 2, '4', NULL, NULL, NULL),
(108, 29, 3, '4.6666666666667', NULL, NULL, NULL),
(109, 29, 4, '5', NULL, NULL, NULL),
(110, 29, 5, '4.6666666666667', NULL, NULL, NULL),
(111, 29, 6, '4.6666666666667', NULL, NULL, NULL),
(112, 30, 2, '4', NULL, NULL, NULL),
(113, 30, 3, '4.6666666666667', NULL, NULL, NULL),
(114, 30, 4, '5', NULL, NULL, NULL),
(115, 30, 5, '4.6666666666667', NULL, NULL, NULL),
(116, 30, 6, '4.6666666666667', NULL, NULL, NULL),
(117, 31, 2, '4', NULL, NULL, NULL),
(118, 31, 3, '4.6666666666667', NULL, NULL, NULL),
(119, 31, 4, '5', NULL, NULL, NULL),
(120, 31, 5, '4.6666666666667', NULL, NULL, NULL),
(121, 31, 6, '4.6666666666667', NULL, NULL, NULL),
(122, 32, 2, '4', NULL, NULL, NULL),
(123, 32, 3, '4.6666666666667', NULL, NULL, NULL),
(124, 32, 4, '5', NULL, NULL, NULL),
(125, 32, 5, '4.6666666666667', NULL, NULL, NULL),
(126, 32, 6, '4.6666666666667', NULL, NULL, NULL),
(127, 33, 2, '4', NULL, NULL, NULL),
(128, 33, 3, '4.6666666666667', NULL, NULL, NULL),
(129, 33, 4, '5', NULL, NULL, NULL),
(130, 33, 5, '4.6666666666667', NULL, NULL, NULL),
(131, 33, 6, '4.6666666666667', NULL, NULL, NULL),
(132, 34, 2, '4', NULL, NULL, NULL),
(133, 34, 3, '4.6666666666667', NULL, NULL, NULL),
(134, 34, 4, '5', NULL, NULL, NULL),
(135, 34, 5, '4.6666666666667', NULL, NULL, NULL),
(136, 34, 6, '4.6666666666667', NULL, NULL, NULL),
(137, 35, 2, '4', NULL, NULL, NULL),
(138, 35, 3, '4.6666666666667', NULL, NULL, NULL),
(139, 35, 4, '5', NULL, NULL, NULL),
(140, 35, 5, '4.6666666666667', NULL, NULL, NULL),
(141, 35, 6, '4.6666666666667', NULL, NULL, NULL),
(142, 36, 2, '4', NULL, NULL, NULL),
(143, 36, 3, '4.6666666666667', NULL, NULL, NULL),
(144, 36, 4, '5', NULL, NULL, NULL),
(145, 36, 5, '4.6666666666667', NULL, NULL, NULL),
(146, 36, 6, '4.6666666666667', NULL, NULL, NULL),
(147, 37, 2, '4', NULL, NULL, NULL),
(148, 37, 3, '4.6666666666667', NULL, NULL, NULL),
(149, 37, 4, '5', NULL, NULL, NULL),
(150, 37, 5, '4.6666666666667', NULL, NULL, NULL),
(151, 37, 6, '4.6666666666667', NULL, NULL, NULL),
(152, 38, 2, '4', NULL, NULL, NULL),
(153, 38, 3, '4.6666666666667', NULL, NULL, NULL),
(154, 38, 4, '5', NULL, NULL, NULL),
(155, 38, 5, '4.6666666666667', NULL, NULL, NULL),
(156, 38, 6, '4.6666666666667', NULL, NULL, NULL),
(157, 39, 2, '4', NULL, NULL, NULL),
(158, 39, 3, '4.6666666666667', NULL, NULL, NULL),
(159, 39, 4, '5', NULL, NULL, NULL),
(160, 39, 5, '4.6666666666667', NULL, NULL, NULL),
(161, 39, 6, '4.6666666666667', NULL, NULL, NULL),
(162, 40, 2, '4', NULL, NULL, NULL),
(163, 40, 3, '4.6666666666667', NULL, NULL, NULL),
(164, 40, 4, '5', NULL, NULL, NULL),
(165, 40, 5, '4.6666666666667', NULL, NULL, NULL),
(166, 40, 6, '4.6666666666667', NULL, NULL, NULL),
(167, 41, 2, '4', NULL, NULL, NULL),
(168, 41, 3, '4.6666666666667', NULL, NULL, NULL),
(169, 41, 4, '5', NULL, NULL, NULL),
(170, 41, 5, '4.6666666666667', NULL, NULL, NULL),
(171, 41, 6, '4.6666666666667', NULL, NULL, NULL),
(172, 42, 2, '4', NULL, NULL, NULL),
(173, 42, 3, '4.6666666666667', NULL, NULL, NULL),
(174, 42, 4, '5', NULL, NULL, NULL),
(175, 42, 5, '4.6666666666667', NULL, NULL, NULL),
(176, 42, 6, '4.6666666666667', NULL, NULL, NULL),
(177, 43, 2, '4', NULL, NULL, NULL),
(178, 43, 3, '4.6666666666667', NULL, NULL, NULL),
(179, 43, 4, '5', NULL, NULL, NULL),
(180, 43, 5, '4.6666666666667', NULL, NULL, NULL),
(181, 43, 6, '4.6666666666667', NULL, NULL, NULL),
(182, 44, 2, '4', NULL, NULL, NULL),
(183, 44, 3, '4.6666666666667', NULL, NULL, NULL),
(184, 44, 4, '5', NULL, NULL, NULL),
(185, 44, 5, '4.6666666666667', NULL, NULL, NULL),
(186, 44, 6, '4.6666666666667', NULL, NULL, NULL),
(187, 45, 2, '4', NULL, NULL, NULL),
(188, 45, 3, '4.6666666666667', NULL, NULL, NULL),
(189, 45, 4, '5', NULL, NULL, NULL),
(190, 45, 5, '4.6666666666667', NULL, NULL, NULL),
(191, 45, 6, '4.6666666666667', NULL, NULL, NULL),
(192, 46, 2, '4', NULL, NULL, NULL),
(193, 46, 3, '4.6666666666667', NULL, NULL, NULL),
(194, 46, 4, '5', NULL, NULL, NULL),
(195, 46, 5, '4.6666666666667', NULL, NULL, NULL),
(196, 46, 6, '4.6666666666667', NULL, NULL, NULL),
(197, 47, 2, '4', NULL, NULL, NULL),
(198, 47, 3, '4.6666666666667', NULL, NULL, NULL),
(199, 47, 4, '5', NULL, NULL, NULL),
(200, 47, 5, '4.6666666666667', NULL, NULL, NULL),
(201, 47, 6, '4.6666666666667', NULL, NULL, NULL),
(202, 48, 2, '4', NULL, NULL, NULL),
(203, 48, 3, '4.6666666666667', NULL, NULL, NULL),
(204, 48, 4, '5', NULL, NULL, NULL),
(205, 48, 5, '4.6666666666667', NULL, NULL, NULL),
(206, 48, 6, '4.6666666666667', NULL, NULL, NULL),
(207, 49, 2, '4', NULL, NULL, NULL),
(208, 49, 3, '4.6666666666667', NULL, NULL, NULL),
(209, 49, 4, '5', NULL, NULL, NULL),
(210, 49, 5, '4.6666666666667', NULL, NULL, NULL),
(211, 49, 6, '4.6666666666667', NULL, NULL, NULL),
(212, 50, 2, '4', NULL, NULL, NULL),
(213, 50, 3, '4.6666666666667', NULL, NULL, NULL),
(214, 50, 4, '5', NULL, NULL, NULL),
(215, 50, 5, '4.6666666666667', NULL, NULL, NULL),
(216, 50, 6, '4.6666666666667', NULL, NULL, NULL),
(217, 51, 2, '4', NULL, NULL, NULL),
(218, 51, 3, '4.6666666666667', NULL, NULL, NULL),
(219, 51, 4, '5', NULL, NULL, NULL),
(220, 51, 5, '4.6666666666667', NULL, NULL, NULL),
(221, 51, 6, '4.6666666666667', NULL, NULL, NULL),
(222, 52, 2, '4', NULL, NULL, NULL),
(223, 52, 3, '4.6666666666667', NULL, NULL, NULL),
(224, 52, 4, '5', NULL, NULL, NULL),
(225, 52, 5, '4.6666666666667', NULL, NULL, NULL),
(226, 52, 6, '4.6666666666667', NULL, NULL, NULL),
(227, 53, 2, '4', NULL, NULL, NULL),
(228, 53, 3, '4.6666666666667', NULL, NULL, NULL),
(229, 53, 4, '5', NULL, NULL, NULL),
(230, 53, 5, '4.6666666666667', NULL, NULL, NULL),
(231, 53, 6, '4.6666666666667', NULL, NULL, NULL);

-- --------------------------------------------------------

--
-- Table structure for table `password_resets`
--

CREATE TABLE `password_resets` (
  `email` varchar(255) COLLATE utf8mb4_unicode_ci NOT NULL,
  `token` varchar(255) COLLATE utf8mb4_unicode_ci NOT NULL,
  `created_at` timestamp NULL DEFAULT NULL
) ENGINE=InnoDB DEFAULT CHARSET=utf8mb4 COLLATE=utf8mb4_unicode_ci;

-- --------------------------------------------------------

--
-- Table structure for table `personal_access_tokens`
--

CREATE TABLE `personal_access_tokens` (
  `id` bigint(20) UNSIGNED NOT NULL,
  `tokenable_type` varchar(255) COLLATE utf8mb4_unicode_ci NOT NULL,
  `tokenable_id` bigint(20) UNSIGNED NOT NULL,
  `name` varchar(255) COLLATE utf8mb4_unicode_ci NOT NULL,
  `token` varchar(64) COLLATE utf8mb4_unicode_ci NOT NULL,
  `abilities` text COLLATE utf8mb4_unicode_ci DEFAULT NULL,
  `last_used_at` timestamp NULL DEFAULT NULL,
  `created_at` timestamp NULL DEFAULT NULL,
  `updated_at` timestamp NULL DEFAULT NULL
) ENGINE=InnoDB DEFAULT CHARSET=utf8mb4 COLLATE=utf8mb4_unicode_ci;

-- --------------------------------------------------------

--
-- Table structure for table `pm_data_uji_alt`
--

CREATE TABLE `pm_data_uji_alt` (
  `id_data_uji` bigint(20) UNSIGNED NOT NULL,
  `nama_data_uji` varchar(255) COLLATE utf8mb4_unicode_ci NOT NULL,
  `created_at` timestamp NULL DEFAULT NULL,
  `updated_at` timestamp NULL DEFAULT NULL,
  `deleted_at` timestamp NULL DEFAULT NULL
) ENGINE=InnoDB DEFAULT CHARSET=utf8mb4 COLLATE=utf8mb4_unicode_ci;

--
-- Dumping data for table `pm_data_uji_alt`
--

INSERT INTO `pm_data_uji_alt` (`id_data_uji`, `nama_data_uji`, `created_at`, `updated_at`, `deleted_at`) VALUES
(1, 'Durian Bakul', '2023-02-24 20:59:11', '2023-02-24 21:05:18', '2023-02-24 21:05:18'),
(2, 'Durian Bakul', '2023-02-24 21:05:38', '2023-02-24 21:05:38', NULL),
(3, 'Durian Kesep Jambu', '2023-02-24 22:41:16', '2023-02-24 22:41:16', NULL),
(4, 'Durian Kasan', '2023-02-24 22:41:42', '2023-02-24 22:41:42', NULL),
(5, 'Durian Jantung Emas', '2023-02-24 22:42:02', '2023-02-24 22:42:02', NULL),
(6, 'Durian Kesep Susu', '2023-02-24 22:42:21', '2023-02-24 22:42:21', NULL);

-- --------------------------------------------------------

--
-- Table structure for table `pm_detail_data_uji`
--

CREATE TABLE `pm_detail_data_uji` (
  `id_detail_data_uji` bigint(20) UNSIGNED NOT NULL,
  `id_data_uji` int(11) NOT NULL,
  `img` varchar(255) COLLATE utf8mb4_unicode_ci NOT NULL,
  `ket_data_uji` text COLLATE utf8mb4_unicode_ci NOT NULL,
  `created_at` timestamp NULL DEFAULT NULL,
  `updated_at` timestamp NULL DEFAULT NULL,
  `deleted_at` timestamp NULL DEFAULT NULL
) ENGINE=InnoDB DEFAULT CHARSET=utf8mb4 COLLATE=utf8mb4_unicode_ci;

--
-- Dumping data for table `pm_detail_data_uji`
--

INSERT INTO `pm_detail_data_uji` (`id_detail_data_uji`, `id_data_uji`, `img`, `ket_data_uji`, `created_at`, `updated_at`, `deleted_at`) VALUES
(1, 2, '202302260329img6.jpg', '<p>lorem ipsum sit amet dolores</p><p>Lorem ipsum dolor sit amet, consectetur adipisicing elit. Accusamus itaque id omnis officiis quaerat ab nam dicta libero labore eaque aut voluptatem, delectus doloribus error sint</p><p>&nbsp;reiciendis nesciunt voluptatum dolorum, quis facilis quasi autem a quibusdam quo. Quia natus, similique reprehenderit maxime impedit architecto ratione saepe delectus rem non. Optio.</p>', '2023-02-25 20:29:11', '2023-02-25 20:29:11', NULL),
(2, 2, '202302260331img6.jpg', '<p>lorem ipsum sit amet dolores</p><p>Lorem ipsum dolor sit amet, consectetur adipisicing elit. Accusamus itaque id omnis officiis quaerat ab nam dicta libero labore eaque aut voluptatem, delectus doloribus error sint</p><p>&nbsp;reiciendis nesciunt voluptatum dolorum, quis facilis quasi autem a quibusdam quo. Quia natus, similique reprehenderit maxime impedit architecto ratione saepe delectus rem non. Optio.</p>', '2023-02-25 20:31:10', '2023-02-25 20:31:18', '2023-02-25 20:31:18');

-- --------------------------------------------------------

--
-- Table structure for table `pm_hitung`
--

CREATE TABLE `pm_hitung` (
  `id_hitung` bigint(20) UNSIGNED NOT NULL,
  `kode_data` varchar(255) COLLATE utf8mb4_unicode_ci NOT NULL,
  `created_at` timestamp NULL DEFAULT NULL,
  `updated_at` timestamp NULL DEFAULT NULL,
  `deleted_at` timestamp NULL DEFAULT NULL
) ENGINE=InnoDB DEFAULT CHARSET=utf8mb4 COLLATE=utf8mb4_unicode_ci;

--
-- Dumping data for table `pm_hitung`
--

INSERT INTO `pm_hitung` (`id_hitung`, `kode_data`, `created_at`, `updated_at`, `deleted_at`) VALUES
(1, '{\"A\":\"1\",\"B\":\"1\",\"C\":\"1\",\"D\":\"1\",\"E\":\"1\"}', '2023-02-24 22:31:24', '2023-02-24 22:31:24', NULL),
(2, '{\"A\":\"1\",\"B\":\"1\",\"C\":\"1\",\"D\":\"1\",\"E\":\"1\"}', '2023-02-24 22:32:28', '2023-02-24 22:32:28', NULL),
(3, '{\"A\":\"1\",\"B\":\"1\",\"C\":\"1\",\"D\":\"1\",\"E\":\"1\"}', '2023-02-24 22:33:15', '2023-02-24 22:33:15', NULL),
(4, '{\"A\":\"1\",\"B\":\"1\",\"C\":\"1\",\"D\":\"1\",\"E\":\"1\"}', '2023-02-24 22:34:02', '2023-02-24 22:34:02', NULL),
(5, '{\"A\":\"1\",\"B\":\"1\",\"C\":\"1\",\"D\":\"1\",\"E\":\"1\"}', '2023-02-24 22:34:16', '2023-02-24 22:34:16', NULL),
(6, '{\"A\":\"1\",\"B\":\"1\",\"C\":\"1\",\"D\":\"1\",\"E\":\"1\"}', '2023-02-24 22:35:28', '2023-02-24 22:35:28', NULL),
(7, '{\"A\":\"1\",\"B\":\"1\",\"C\":\"1\",\"D\":\"1\",\"E\":\"1\"}', '2023-02-24 22:36:45', '2023-02-24 22:36:45', NULL),
(8, '{\"A\":\"3\",\"B\":\"2\",\"C\":\"3\",\"D\":\"3\",\"E\":\"3\"}', '2023-02-24 23:14:35', '2023-02-24 23:14:35', NULL),
(9, '{\"A\":\"1\",\"B\":\"1\",\"C\":\"1\",\"D\":\"1\",\"E\":\"1\"}', '2023-02-24 23:44:51', '2023-02-24 23:44:51', NULL),
(10, '{\"A\":\"3\",\"B\":\"2\",\"C\":\"3\",\"D\":\"2\",\"E\":\"4\"}', '2023-02-24 23:45:16', '2023-02-24 23:45:16', NULL),
(11, '{\"A\":\"4\",\"B\":\"4\",\"C\":\"2\",\"D\":\"1\",\"E\":\"1\"}', '2023-02-24 23:46:51', '2023-02-24 23:46:51', NULL),
(12, '{\"A\":\"4\",\"B\":\"3\",\"C\":\"2\",\"D\":\"2\",\"E\":\"2\"}', '2023-02-24 23:48:18', '2023-02-24 23:48:18', NULL),
(13, '{\"A\":\"1\",\"B\":\"1\",\"C\":\"1\",\"D\":\"1\",\"E\":\"1\"}', '2023-02-24 23:51:49', '2023-02-24 23:51:49', NULL),
(14, '{\"A\":\"4\",\"B\":\"3\",\"C\":\"2\",\"D\":\"2\",\"E\":\"2\"}', '2023-02-24 23:52:37', '2023-02-24 23:52:37', NULL),
(15, '{\"A\":\"1\",\"B\":\"1\",\"C\":\"1\",\"D\":\"1\",\"E\":\"1\"}', '2023-02-24 23:55:32', '2023-02-24 23:55:32', NULL),
(16, '{\"A\":\"1\",\"B\":\"1\",\"C\":\"1\",\"D\":\"1\",\"E\":\"1\"}', '2023-02-24 23:57:13', '2023-02-24 23:57:13', NULL),
(17, '{\"A\":\"1\",\"B\":\"1\",\"C\":\"1\",\"D\":\"1\",\"E\":\"1\"}', '2023-02-24 23:58:29', '2023-02-24 23:58:29', NULL),
(18, '{\"A\":\"1\",\"B\":\"1\",\"C\":\"1\",\"D\":\"1\",\"E\":\"1\"}', '2023-02-25 01:43:08', '2023-02-25 01:43:08', NULL),
(19, '{\"A\":\"3\",\"B\":\"3\",\"C\":\"2\",\"D\":\"3\",\"E\":\"4\"}', '2023-02-25 01:45:20', '2023-02-25 01:45:20', NULL),
(20, '{\"A\":\"1\",\"B\":\"1\",\"C\":\"1\",\"D\":\"1\",\"E\":\"1\"}', '2023-02-25 01:46:52', '2023-02-25 01:46:52', NULL),
(21, '{\"A\":\"1\",\"B\":\"1\",\"C\":\"1\",\"D\":\"1\",\"E\":\"1\"}', '2023-02-25 01:47:02', '2023-02-25 01:47:02', NULL),
(22, '{\"A\":\"1\",\"B\":\"1\",\"C\":\"1\",\"D\":\"1\",\"E\":\"1\"}', '2023-02-25 04:19:46', '2023-02-25 04:19:46', NULL),
(23, '{\"A\":\"4\",\"B\":\"3\",\"C\":\"3\",\"D\":\"1\",\"E\":\"1\"}', '2023-02-25 04:20:09', '2023-02-25 04:20:09', NULL),
(24, '{\"A\":\"4\",\"B\":\"3\",\"C\":\"3\",\"D\":\"1\",\"E\":\"1\"}', '2023-02-25 04:22:49', '2023-02-25 04:22:49', NULL),
(25, '{\"A\":\"1\",\"B\":\"1\",\"C\":\"1\",\"D\":\"1\",\"E\":\"1\"}', '2023-02-25 04:23:44', '2023-02-25 04:23:44', NULL),
(26, '{\"A\":\"1\",\"B\":\"1\",\"C\":\"1\",\"D\":\"1\",\"E\":\"1\"}', '2023-02-25 04:25:53', '2023-02-25 04:25:53', NULL),
(27, '{\"A\":\"1\",\"B\":\"1\",\"C\":\"1\",\"D\":\"1\",\"E\":\"1\"}', '2023-02-25 04:26:54', '2023-02-25 04:26:54', NULL),
(28, '{\"A\":\"1\",\"B\":\"1\",\"C\":\"1\",\"D\":\"1\",\"E\":\"1\"}', '2023-02-25 04:27:29', '2023-02-25 04:27:29', NULL),
(29, '{\"A\":\"1\",\"B\":\"1\",\"C\":\"1\",\"D\":\"1\",\"E\":\"1\"}', '2023-02-25 20:18:34', '2023-02-25 20:18:34', NULL),
(30, '{\"A\":\"1\",\"B\":\"1\",\"C\":\"1\",\"D\":\"1\",\"E\":\"1\"}', '2023-02-25 20:19:04', '2023-02-25 20:19:04', NULL),
(31, '{\"A\":\"1\",\"B\":\"1\",\"C\":\"1\",\"D\":\"1\",\"E\":\"1\"}', '2023-02-25 20:20:28', '2023-02-25 20:20:28', NULL),
(32, '{\"A\":\"1\",\"B\":\"1\",\"C\":\"1\",\"D\":\"1\",\"E\":\"1\"}', '2023-02-25 20:21:02', '2023-02-25 20:21:02', NULL),
(33, '{\"A\":\"1\",\"B\":\"1\",\"C\":\"1\",\"D\":\"1\",\"E\":\"1\"}', '2023-02-25 20:21:33', '2023-02-25 20:21:33', NULL),
(34, '{\"A\":\"1\",\"B\":\"1\",\"C\":\"1\",\"D\":\"1\",\"E\":\"1\"}', '2023-02-25 20:23:24', '2023-02-25 20:23:24', NULL),
(35, '{\"A\":\"1\",\"B\":\"1\",\"C\":\"1\",\"D\":\"1\",\"E\":\"1\"}', '2023-02-25 20:24:14', '2023-02-25 20:24:14', NULL),
(36, '{\"A\":\"4\",\"B\":\"3\",\"C\":\"3\",\"D\":\"1\",\"E\":\"1\"}', '2023-02-25 20:24:30', '2023-02-25 20:24:30', NULL),
(37, '{\"A\":\"4\",\"B\":\"3\",\"C\":\"3\",\"D\":\"1\",\"E\":\"1\"}', '2023-02-25 20:32:37', '2023-02-25 20:32:37', NULL),
(38, '{\"A\":\"4\",\"B\":\"3\",\"C\":\"3\",\"D\":\"1\",\"E\":\"1\"}', '2023-02-25 20:33:34', '2023-02-25 20:33:34', NULL),
(39, '{\"A\":\"4\",\"B\":\"3\",\"C\":\"3\",\"D\":\"1\",\"E\":\"1\"}', '2023-02-25 23:54:31', '2023-02-25 23:54:31', NULL),
(40, '{\"A\":\"4\",\"B\":\"4\",\"C\":\"3\",\"D\":\"1\",\"E\":\"1\"}', '2023-02-26 03:41:47', '2023-02-26 03:41:47', NULL),
(41, '{\"A\":\"4\",\"B\":\"3\",\"C\":\"3\",\"D\":\"1\",\"E\":\"1\"}', '2023-02-26 03:42:01', '2023-02-26 03:42:01', NULL),
(42, '{\"A\":\"4\",\"B\":\"3\",\"C\":\"3\",\"D\":\"1\",\"E\":\"1\"}', '2023-02-26 03:44:39', '2023-02-26 03:44:39', NULL),
(43, '{\"A\":\"4\",\"B\":\"3\",\"C\":\"3\",\"D\":\"1\",\"E\":\"1\"}', '2023-02-26 03:45:19', '2023-02-26 03:45:19', NULL),
(44, '{\"A\":\"3\",\"B\":\"3\",\"C\":\"3\",\"D\":\"3\",\"E\":\"1\"}', '2023-02-26 03:45:57', '2023-02-26 03:45:57', NULL),
(45, '{\"A\":\"4\",\"B\":\"3\",\"C\":\"3\",\"D\":\"1\",\"E\":\"1\"}', '2023-02-26 03:46:27', '2023-02-26 03:46:27', NULL),
(46, '{\"A\":\"4\",\"B\":\"3\",\"C\":\"3\",\"D\":\"1\",\"E\":\"1\"}', '2023-02-26 03:47:35', '2023-02-26 03:47:35', NULL),
(47, '{\"A\":\"4\",\"B\":\"3\",\"C\":\"3\",\"D\":\"1\",\"E\":\"1\"}', '2023-02-26 03:48:29', '2023-02-26 03:48:29', NULL),
(48, '{\"A\":\"4\",\"B\":\"3\",\"C\":\"3\",\"D\":\"1\",\"E\":\"1\"}', '2023-02-26 03:51:25', '2023-02-26 03:51:25', NULL),
(49, '{\"A\":\"4\",\"B\":\"3\",\"C\":\"3\",\"D\":\"1\",\"E\":\"1\"}', '2023-02-26 03:53:38', '2023-02-26 03:53:38', NULL),
(50, '{\"A\":\"4\",\"B\":\"3\",\"C\":\"3\",\"D\":\"1\",\"E\":\"1\"}', '2023-02-26 03:55:45', '2023-02-26 03:55:45', NULL),
(51, '{\"A\":\"4\",\"B\":\"3\",\"C\":\"2\",\"D\":\"2\",\"E\":\"2\"}', '2023-02-26 08:33:47', '2023-02-26 08:33:47', NULL),
(52, '{\"A\":\"4\",\"B\":\"3\",\"C\":\"3\",\"D\":\"1\",\"E\":\"1\"}', '2023-02-26 08:39:47', '2023-02-26 08:39:47', NULL),
(53, '{\"A\":\"4\",\"B\":\"3\",\"C\":\"3\",\"D\":\"1\",\"E\":\"1\"}', '2023-02-26 23:28:01', '2023-02-26 23:28:01', NULL);

-- --------------------------------------------------------

--
-- Table structure for table `pm_hitung_selisih`
--

CREATE TABLE `pm_hitung_selisih` (
  `id_hitung_selisih` bigint(20) UNSIGNED NOT NULL,
  `id_hitung` int(11) NOT NULL,
  `id_data_uji` int(11) NOT NULL,
  `id_kriteria` int(11) NOT NULL,
  `nilai_selisih` varchar(255) COLLATE utf8mb4_unicode_ci NOT NULL,
  `created_at` timestamp NULL DEFAULT NULL,
  `updated_at` timestamp NULL DEFAULT NULL,
  `deleted_at` timestamp NULL DEFAULT NULL
) ENGINE=InnoDB DEFAULT CHARSET=utf8mb4 COLLATE=utf8mb4_unicode_ci;

--
-- Dumping data for table `pm_hitung_selisih`
--

INSERT INTO `pm_hitung_selisih` (`id_hitung_selisih`, `id_hitung`, `id_data_uji`, `id_kriteria`, `nilai_selisih`, `created_at`, `updated_at`, `deleted_at`) VALUES
(1, 5, 2, 1, '1', NULL, NULL, NULL),
(2, 6, 2, 1, '1', NULL, NULL, NULL),
(3, 7, 2, 1, '1', NULL, NULL, NULL),
(4, 7, 2, 2, '2', NULL, NULL, NULL),
(5, 7, 2, 3, '0', NULL, NULL, NULL),
(6, 7, 2, 4, '-1', NULL, NULL, NULL),
(7, 7, 2, 5, '-2', NULL, NULL, NULL),
(8, 8, 2, 1, '1', NULL, NULL, NULL),
(9, 8, 2, 2, '2', NULL, NULL, NULL),
(10, 8, 2, 3, '0', NULL, NULL, NULL),
(11, 8, 2, 4, '-1', NULL, NULL, NULL),
(12, 8, 2, 5, '-2', NULL, NULL, NULL),
(13, 8, 3, 1, '1', NULL, NULL, NULL),
(14, 8, 3, 2, '1', NULL, NULL, NULL),
(15, 8, 3, 3, '0', NULL, NULL, NULL),
(16, 8, 3, 4, '0', NULL, NULL, NULL),
(17, 8, 3, 5, '-1', NULL, NULL, NULL),
(18, 8, 4, 1, '-1', NULL, NULL, NULL),
(19, 8, 4, 2, '1', NULL, NULL, NULL),
(20, 8, 4, 3, '0', NULL, NULL, NULL),
(21, 8, 4, 4, '0', NULL, NULL, NULL),
(22, 8, 4, 5, '0', NULL, NULL, NULL),
(23, 8, 5, 1, '0', NULL, NULL, NULL),
(24, 8, 5, 2, '0', NULL, NULL, NULL),
(25, 8, 5, 3, '1', NULL, NULL, NULL),
(26, 8, 5, 4, '1', NULL, NULL, NULL),
(27, 8, 5, 5, '0', NULL, NULL, NULL),
(28, 8, 6, 1, '0', NULL, NULL, NULL),
(29, 8, 6, 2, '0', NULL, NULL, NULL),
(30, 8, 6, 3, '1', NULL, NULL, NULL),
(31, 8, 6, 4, '0', NULL, NULL, NULL),
(32, 8, 6, 5, '1', NULL, NULL, NULL),
(33, 9, 2, 1, '1', NULL, NULL, NULL),
(34, 9, 2, 2, '2', NULL, NULL, NULL),
(35, 9, 2, 3, '0', NULL, NULL, NULL),
(36, 9, 2, 4, '-1', NULL, NULL, NULL),
(37, 9, 2, 5, '-2', NULL, NULL, NULL),
(38, 9, 3, 1, '1', NULL, NULL, NULL),
(39, 9, 3, 2, '1', NULL, NULL, NULL),
(40, 9, 3, 3, '0', NULL, NULL, NULL),
(41, 9, 3, 4, '0', NULL, NULL, NULL),
(42, 9, 3, 5, '-1', NULL, NULL, NULL),
(43, 9, 4, 1, '-1', NULL, NULL, NULL),
(44, 9, 4, 2, '1', NULL, NULL, NULL),
(45, 9, 4, 3, '0', NULL, NULL, NULL),
(46, 9, 4, 4, '0', NULL, NULL, NULL),
(47, 9, 4, 5, '0', NULL, NULL, NULL),
(48, 9, 5, 1, '0', NULL, NULL, NULL),
(49, 9, 5, 2, '0', NULL, NULL, NULL),
(50, 9, 5, 3, '1', NULL, NULL, NULL),
(51, 9, 5, 4, '1', NULL, NULL, NULL),
(52, 9, 5, 5, '0', NULL, NULL, NULL),
(53, 9, 6, 1, '0', NULL, NULL, NULL),
(54, 9, 6, 2, '0', NULL, NULL, NULL),
(55, 9, 6, 3, '1', NULL, NULL, NULL),
(56, 9, 6, 4, '0', NULL, NULL, NULL),
(57, 9, 6, 5, '1', NULL, NULL, NULL),
(58, 10, 2, 1, '1', NULL, NULL, NULL),
(59, 10, 2, 2, '2', NULL, NULL, NULL),
(60, 10, 2, 3, '0', NULL, NULL, NULL),
(61, 10, 2, 4, '-1', NULL, NULL, NULL),
(62, 10, 2, 5, '-2', NULL, NULL, NULL),
(63, 10, 3, 1, '1', NULL, NULL, NULL),
(64, 10, 3, 2, '1', NULL, NULL, NULL),
(65, 10, 3, 3, '0', NULL, NULL, NULL),
(66, 10, 3, 4, '0', NULL, NULL, NULL),
(67, 10, 3, 5, '-1', NULL, NULL, NULL),
(68, 10, 4, 1, '-1', NULL, NULL, NULL),
(69, 10, 4, 2, '1', NULL, NULL, NULL),
(70, 10, 4, 3, '0', NULL, NULL, NULL),
(71, 10, 4, 4, '0', NULL, NULL, NULL),
(72, 10, 4, 5, '0', NULL, NULL, NULL),
(73, 10, 5, 1, '0', NULL, NULL, NULL),
(74, 10, 5, 2, '0', NULL, NULL, NULL),
(75, 10, 5, 3, '1', NULL, NULL, NULL),
(76, 10, 5, 4, '1', NULL, NULL, NULL),
(77, 10, 5, 5, '0', NULL, NULL, NULL),
(78, 10, 6, 1, '0', NULL, NULL, NULL),
(79, 10, 6, 2, '0', NULL, NULL, NULL),
(80, 10, 6, 3, '1', NULL, NULL, NULL),
(81, 10, 6, 4, '0', NULL, NULL, NULL),
(82, 10, 6, 5, '1', NULL, NULL, NULL),
(83, 11, 2, 1, '1', NULL, NULL, NULL),
(84, 11, 2, 2, '2', NULL, NULL, NULL),
(85, 11, 2, 3, '0', NULL, NULL, NULL),
(86, 11, 2, 4, '-1', NULL, NULL, NULL),
(87, 11, 2, 5, '-2', NULL, NULL, NULL),
(88, 11, 3, 1, '1', NULL, NULL, NULL),
(89, 11, 3, 2, '1', NULL, NULL, NULL),
(90, 11, 3, 3, '0', NULL, NULL, NULL),
(91, 11, 3, 4, '0', NULL, NULL, NULL),
(92, 11, 3, 5, '-1', NULL, NULL, NULL),
(93, 11, 4, 1, '-1', NULL, NULL, NULL),
(94, 11, 4, 2, '1', NULL, NULL, NULL),
(95, 11, 4, 3, '0', NULL, NULL, NULL),
(96, 11, 4, 4, '0', NULL, NULL, NULL),
(97, 11, 4, 5, '0', NULL, NULL, NULL),
(98, 11, 5, 1, '0', NULL, NULL, NULL),
(99, 11, 5, 2, '0', NULL, NULL, NULL),
(100, 11, 5, 3, '1', NULL, NULL, NULL),
(101, 11, 5, 4, '1', NULL, NULL, NULL),
(102, 11, 5, 5, '0', NULL, NULL, NULL),
(103, 11, 6, 1, '0', NULL, NULL, NULL),
(104, 11, 6, 2, '0', NULL, NULL, NULL),
(105, 11, 6, 3, '1', NULL, NULL, NULL),
(106, 11, 6, 4, '0', NULL, NULL, NULL),
(107, 11, 6, 5, '1', NULL, NULL, NULL),
(108, 12, 2, 1, '1', NULL, NULL, NULL),
(109, 12, 2, 2, '2', NULL, NULL, NULL),
(110, 12, 2, 3, '0', NULL, NULL, NULL),
(111, 12, 2, 4, '-1', NULL, NULL, NULL),
(112, 12, 2, 5, '-2', NULL, NULL, NULL),
(113, 12, 3, 1, '1', NULL, NULL, NULL),
(114, 12, 3, 2, '1', NULL, NULL, NULL),
(115, 12, 3, 3, '0', NULL, NULL, NULL),
(116, 12, 3, 4, '0', NULL, NULL, NULL),
(117, 12, 3, 5, '-1', NULL, NULL, NULL),
(118, 12, 4, 1, '-1', NULL, NULL, NULL),
(119, 12, 4, 2, '1', NULL, NULL, NULL),
(120, 12, 4, 3, '0', NULL, NULL, NULL),
(121, 12, 4, 4, '0', NULL, NULL, NULL),
(122, 12, 4, 5, '0', NULL, NULL, NULL),
(123, 12, 5, 1, '0', NULL, NULL, NULL),
(124, 12, 5, 2, '0', NULL, NULL, NULL),
(125, 12, 5, 3, '1', NULL, NULL, NULL),
(126, 12, 5, 4, '1', NULL, NULL, NULL),
(127, 12, 5, 5, '0', NULL, NULL, NULL),
(128, 12, 6, 1, '0', NULL, NULL, NULL),
(129, 12, 6, 2, '0', NULL, NULL, NULL),
(130, 12, 6, 3, '1', NULL, NULL, NULL),
(131, 12, 6, 4, '0', NULL, NULL, NULL),
(132, 12, 6, 5, '1', NULL, NULL, NULL),
(133, 13, 2, 1, '1', NULL, NULL, NULL),
(134, 13, 2, 2, '2', NULL, NULL, NULL),
(135, 13, 2, 3, '0', NULL, NULL, NULL),
(136, 13, 2, 4, '-1', NULL, NULL, NULL),
(137, 13, 2, 5, '-2', NULL, NULL, NULL),
(138, 13, 3, 1, '1', NULL, NULL, NULL),
(139, 13, 3, 2, '1', NULL, NULL, NULL),
(140, 13, 3, 3, '0', NULL, NULL, NULL),
(141, 13, 3, 4, '0', NULL, NULL, NULL),
(142, 13, 3, 5, '-1', NULL, NULL, NULL),
(143, 13, 4, 1, '-1', NULL, NULL, NULL),
(144, 13, 4, 2, '1', NULL, NULL, NULL),
(145, 13, 4, 3, '0', NULL, NULL, NULL),
(146, 13, 4, 4, '0', NULL, NULL, NULL),
(147, 13, 4, 5, '0', NULL, NULL, NULL),
(148, 13, 5, 1, '0', NULL, NULL, NULL),
(149, 13, 5, 2, '0', NULL, NULL, NULL),
(150, 13, 5, 3, '1', NULL, NULL, NULL),
(151, 13, 5, 4, '1', NULL, NULL, NULL),
(152, 13, 5, 5, '0', NULL, NULL, NULL),
(153, 13, 6, 1, '0', NULL, NULL, NULL),
(154, 13, 6, 2, '0', NULL, NULL, NULL),
(155, 13, 6, 3, '1', NULL, NULL, NULL),
(156, 13, 6, 4, '0', NULL, NULL, NULL),
(157, 13, 6, 5, '1', NULL, NULL, NULL),
(158, 14, 2, 1, '1', NULL, NULL, NULL),
(159, 14, 2, 2, '2', NULL, NULL, NULL),
(160, 14, 2, 3, '0', NULL, NULL, NULL),
(161, 14, 2, 4, '-1', NULL, NULL, NULL),
(162, 14, 2, 5, '-2', NULL, NULL, NULL),
(163, 14, 3, 1, '1', NULL, NULL, NULL),
(164, 14, 3, 2, '1', NULL, NULL, NULL),
(165, 14, 3, 3, '0', NULL, NULL, NULL),
(166, 14, 3, 4, '0', NULL, NULL, NULL),
(167, 14, 3, 5, '-1', NULL, NULL, NULL),
(168, 14, 4, 1, '-1', NULL, NULL, NULL),
(169, 14, 4, 2, '1', NULL, NULL, NULL),
(170, 14, 4, 3, '0', NULL, NULL, NULL),
(171, 14, 4, 4, '0', NULL, NULL, NULL),
(172, 14, 4, 5, '0', NULL, NULL, NULL),
(173, 14, 5, 1, '0', NULL, NULL, NULL),
(174, 14, 5, 2, '0', NULL, NULL, NULL),
(175, 14, 5, 3, '1', NULL, NULL, NULL),
(176, 14, 5, 4, '1', NULL, NULL, NULL),
(177, 14, 5, 5, '0', NULL, NULL, NULL),
(178, 14, 6, 1, '0', NULL, NULL, NULL),
(179, 14, 6, 2, '0', NULL, NULL, NULL),
(180, 14, 6, 3, '1', NULL, NULL, NULL),
(181, 14, 6, 4, '0', NULL, NULL, NULL),
(182, 14, 6, 5, '1', NULL, NULL, NULL),
(183, 15, 2, 1, '1', NULL, NULL, NULL),
(184, 15, 2, 2, '2', NULL, NULL, NULL),
(185, 15, 2, 3, '0', NULL, NULL, NULL),
(186, 15, 2, 4, '-1', NULL, NULL, NULL),
(187, 15, 2, 5, '-2', NULL, NULL, NULL),
(188, 15, 3, 1, '1', NULL, NULL, NULL),
(189, 15, 3, 2, '1', NULL, NULL, NULL),
(190, 15, 3, 3, '0', NULL, NULL, NULL),
(191, 15, 3, 4, '0', NULL, NULL, NULL),
(192, 15, 3, 5, '-1', NULL, NULL, NULL),
(193, 15, 4, 1, '-1', NULL, NULL, NULL),
(194, 15, 4, 2, '1', NULL, NULL, NULL),
(195, 15, 4, 3, '0', NULL, NULL, NULL),
(196, 15, 4, 4, '0', NULL, NULL, NULL),
(197, 15, 4, 5, '0', NULL, NULL, NULL),
(198, 15, 5, 1, '0', NULL, NULL, NULL),
(199, 15, 5, 2, '0', NULL, NULL, NULL),
(200, 15, 5, 3, '1', NULL, NULL, NULL),
(201, 15, 5, 4, '1', NULL, NULL, NULL),
(202, 15, 5, 5, '0', NULL, NULL, NULL),
(203, 15, 6, 1, '0', NULL, NULL, NULL),
(204, 15, 6, 2, '0', NULL, NULL, NULL),
(205, 15, 6, 3, '1', NULL, NULL, NULL),
(206, 15, 6, 4, '0', NULL, NULL, NULL),
(207, 15, 6, 5, '1', NULL, NULL, NULL),
(208, 16, 2, 1, '1', NULL, NULL, NULL),
(209, 16, 2, 2, '2', NULL, NULL, NULL),
(210, 16, 2, 3, '0', NULL, NULL, NULL),
(211, 16, 2, 4, '-1', NULL, NULL, NULL),
(212, 16, 2, 5, '-2', NULL, NULL, NULL),
(213, 16, 3, 1, '1', NULL, NULL, NULL),
(214, 16, 3, 2, '1', NULL, NULL, NULL),
(215, 16, 3, 3, '0', NULL, NULL, NULL),
(216, 16, 3, 4, '0', NULL, NULL, NULL),
(217, 16, 3, 5, '-1', NULL, NULL, NULL),
(218, 16, 4, 1, '-1', NULL, NULL, NULL),
(219, 16, 4, 2, '1', NULL, NULL, NULL),
(220, 16, 4, 3, '0', NULL, NULL, NULL),
(221, 16, 4, 4, '0', NULL, NULL, NULL),
(222, 16, 4, 5, '0', NULL, NULL, NULL),
(223, 16, 5, 1, '0', NULL, NULL, NULL),
(224, 16, 5, 2, '0', NULL, NULL, NULL),
(225, 16, 5, 3, '1', NULL, NULL, NULL),
(226, 16, 5, 4, '1', NULL, NULL, NULL),
(227, 16, 5, 5, '0', NULL, NULL, NULL),
(228, 16, 6, 1, '0', NULL, NULL, NULL),
(229, 16, 6, 2, '0', NULL, NULL, NULL),
(230, 16, 6, 3, '1', NULL, NULL, NULL),
(231, 16, 6, 4, '0', NULL, NULL, NULL),
(232, 16, 6, 5, '1', NULL, NULL, NULL),
(233, 17, 2, 1, '1', NULL, NULL, NULL),
(234, 17, 2, 2, '2', NULL, NULL, NULL),
(235, 17, 2, 3, '0', NULL, NULL, NULL),
(236, 17, 2, 4, '-1', NULL, NULL, NULL),
(237, 17, 2, 5, '-2', NULL, NULL, NULL),
(238, 17, 3, 1, '1', NULL, NULL, NULL),
(239, 17, 3, 2, '1', NULL, NULL, NULL),
(240, 17, 3, 3, '0', NULL, NULL, NULL),
(241, 17, 3, 4, '0', NULL, NULL, NULL),
(242, 17, 3, 5, '-1', NULL, NULL, NULL),
(243, 17, 4, 1, '-1', NULL, NULL, NULL),
(244, 17, 4, 2, '1', NULL, NULL, NULL),
(245, 17, 4, 3, '0', NULL, NULL, NULL),
(246, 17, 4, 4, '0', NULL, NULL, NULL),
(247, 17, 4, 5, '0', NULL, NULL, NULL),
(248, 17, 5, 1, '0', NULL, NULL, NULL),
(249, 17, 5, 2, '0', NULL, NULL, NULL),
(250, 17, 5, 3, '1', NULL, NULL, NULL),
(251, 17, 5, 4, '1', NULL, NULL, NULL),
(252, 17, 5, 5, '0', NULL, NULL, NULL),
(253, 17, 6, 1, '0', NULL, NULL, NULL),
(254, 17, 6, 2, '0', NULL, NULL, NULL),
(255, 17, 6, 3, '1', NULL, NULL, NULL),
(256, 17, 6, 4, '0', NULL, NULL, NULL),
(257, 17, 6, 5, '1', NULL, NULL, NULL),
(258, 18, 2, 1, '1', NULL, NULL, NULL),
(259, 18, 2, 2, '2', NULL, NULL, NULL),
(260, 18, 2, 3, '0', NULL, NULL, NULL),
(261, 18, 2, 4, '-1', NULL, NULL, NULL),
(262, 18, 2, 5, '-2', NULL, NULL, NULL),
(263, 18, 3, 1, '1', NULL, NULL, NULL),
(264, 18, 3, 2, '1', NULL, NULL, NULL),
(265, 18, 3, 3, '0', NULL, NULL, NULL),
(266, 18, 3, 4, '0', NULL, NULL, NULL),
(267, 18, 3, 5, '-1', NULL, NULL, NULL),
(268, 18, 4, 1, '-1', NULL, NULL, NULL),
(269, 18, 4, 2, '1', NULL, NULL, NULL),
(270, 18, 4, 3, '0', NULL, NULL, NULL),
(271, 18, 4, 4, '0', NULL, NULL, NULL),
(272, 18, 4, 5, '0', NULL, NULL, NULL),
(273, 18, 5, 1, '0', NULL, NULL, NULL),
(274, 18, 5, 2, '0', NULL, NULL, NULL),
(275, 18, 5, 3, '1', NULL, NULL, NULL),
(276, 18, 5, 4, '1', NULL, NULL, NULL),
(277, 18, 5, 5, '0', NULL, NULL, NULL),
(278, 18, 6, 1, '0', NULL, NULL, NULL),
(279, 18, 6, 2, '0', NULL, NULL, NULL),
(280, 18, 6, 3, '1', NULL, NULL, NULL),
(281, 18, 6, 4, '0', NULL, NULL, NULL),
(282, 18, 6, 5, '1', NULL, NULL, NULL),
(283, 19, 2, 1, '1', NULL, NULL, NULL),
(284, 19, 2, 2, '2', NULL, NULL, NULL),
(285, 19, 2, 3, '0', NULL, NULL, NULL),
(286, 19, 2, 4, '-1', NULL, NULL, NULL),
(287, 19, 2, 5, '-2', NULL, NULL, NULL),
(288, 19, 3, 1, '1', NULL, NULL, NULL),
(289, 19, 3, 2, '1', NULL, NULL, NULL),
(290, 19, 3, 3, '0', NULL, NULL, NULL),
(291, 19, 3, 4, '0', NULL, NULL, NULL),
(292, 19, 3, 5, '-1', NULL, NULL, NULL),
(293, 19, 4, 1, '-1', NULL, NULL, NULL),
(294, 19, 4, 2, '1', NULL, NULL, NULL),
(295, 19, 4, 3, '0', NULL, NULL, NULL),
(296, 19, 4, 4, '0', NULL, NULL, NULL),
(297, 19, 4, 5, '0', NULL, NULL, NULL),
(298, 19, 5, 1, '0', NULL, NULL, NULL),
(299, 19, 5, 2, '0', NULL, NULL, NULL),
(300, 19, 5, 3, '1', NULL, NULL, NULL),
(301, 19, 5, 4, '1', NULL, NULL, NULL),
(302, 19, 5, 5, '0', NULL, NULL, NULL),
(303, 19, 6, 1, '0', NULL, NULL, NULL),
(304, 19, 6, 2, '0', NULL, NULL, NULL),
(305, 19, 6, 3, '1', NULL, NULL, NULL),
(306, 19, 6, 4, '0', NULL, NULL, NULL),
(307, 19, 6, 5, '1', NULL, NULL, NULL),
(308, 20, 2, 1, '1', NULL, NULL, NULL),
(309, 20, 2, 2, '2', NULL, NULL, NULL),
(310, 20, 2, 3, '0', NULL, NULL, NULL),
(311, 20, 2, 4, '-1', NULL, NULL, NULL),
(312, 20, 2, 5, '-2', NULL, NULL, NULL),
(313, 20, 3, 1, '1', NULL, NULL, NULL),
(314, 20, 3, 2, '1', NULL, NULL, NULL),
(315, 20, 3, 3, '0', NULL, NULL, NULL),
(316, 20, 3, 4, '0', NULL, NULL, NULL),
(317, 20, 3, 5, '-1', NULL, NULL, NULL),
(318, 20, 4, 1, '-1', NULL, NULL, NULL),
(319, 20, 4, 2, '1', NULL, NULL, NULL),
(320, 20, 4, 3, '0', NULL, NULL, NULL),
(321, 20, 4, 4, '0', NULL, NULL, NULL),
(322, 20, 4, 5, '0', NULL, NULL, NULL),
(323, 20, 5, 1, '0', NULL, NULL, NULL),
(324, 20, 5, 2, '0', NULL, NULL, NULL),
(325, 20, 5, 3, '1', NULL, NULL, NULL),
(326, 20, 5, 4, '1', NULL, NULL, NULL),
(327, 20, 5, 5, '0', NULL, NULL, NULL),
(328, 20, 6, 1, '0', NULL, NULL, NULL),
(329, 20, 6, 2, '0', NULL, NULL, NULL),
(330, 20, 6, 3, '1', NULL, NULL, NULL),
(331, 20, 6, 4, '0', NULL, NULL, NULL),
(332, 20, 6, 5, '1', NULL, NULL, NULL),
(333, 21, 2, 1, '1', NULL, NULL, NULL),
(334, 21, 2, 2, '2', NULL, NULL, NULL),
(335, 21, 2, 3, '0', NULL, NULL, NULL),
(336, 21, 2, 4, '-1', NULL, NULL, NULL),
(337, 21, 2, 5, '-2', NULL, NULL, NULL),
(338, 21, 3, 1, '1', NULL, NULL, NULL),
(339, 21, 3, 2, '1', NULL, NULL, NULL),
(340, 21, 3, 3, '0', NULL, NULL, NULL),
(341, 21, 3, 4, '0', NULL, NULL, NULL),
(342, 21, 3, 5, '-1', NULL, NULL, NULL),
(343, 21, 4, 1, '-1', NULL, NULL, NULL),
(344, 21, 4, 2, '1', NULL, NULL, NULL),
(345, 21, 4, 3, '0', NULL, NULL, NULL),
(346, 21, 4, 4, '0', NULL, NULL, NULL),
(347, 21, 4, 5, '0', NULL, NULL, NULL),
(348, 21, 5, 1, '0', NULL, NULL, NULL),
(349, 21, 5, 2, '0', NULL, NULL, NULL),
(350, 21, 5, 3, '1', NULL, NULL, NULL),
(351, 21, 5, 4, '1', NULL, NULL, NULL),
(352, 21, 5, 5, '0', NULL, NULL, NULL),
(353, 21, 6, 1, '0', NULL, NULL, NULL),
(354, 21, 6, 2, '0', NULL, NULL, NULL),
(355, 21, 6, 3, '1', NULL, NULL, NULL),
(356, 21, 6, 4, '0', NULL, NULL, NULL),
(357, 21, 6, 5, '1', NULL, NULL, NULL),
(358, 22, 2, 1, '1', NULL, NULL, NULL),
(359, 22, 2, 2, '2', NULL, NULL, NULL),
(360, 22, 2, 3, '0', NULL, NULL, NULL),
(361, 22, 2, 4, '-1', NULL, NULL, NULL),
(362, 22, 2, 5, '-2', NULL, NULL, NULL),
(363, 22, 3, 1, '1', NULL, NULL, NULL),
(364, 22, 3, 2, '1', NULL, NULL, NULL),
(365, 22, 3, 3, '0', NULL, NULL, NULL),
(366, 22, 3, 4, '0', NULL, NULL, NULL),
(367, 22, 3, 5, '-1', NULL, NULL, NULL),
(368, 22, 4, 1, '-1', NULL, NULL, NULL),
(369, 22, 4, 2, '1', NULL, NULL, NULL),
(370, 22, 4, 3, '0', NULL, NULL, NULL),
(371, 22, 4, 4, '0', NULL, NULL, NULL),
(372, 22, 4, 5, '0', NULL, NULL, NULL),
(373, 22, 5, 1, '0', NULL, NULL, NULL),
(374, 22, 5, 2, '0', NULL, NULL, NULL),
(375, 22, 5, 3, '1', NULL, NULL, NULL),
(376, 22, 5, 4, '1', NULL, NULL, NULL),
(377, 22, 5, 5, '0', NULL, NULL, NULL),
(378, 22, 6, 1, '0', NULL, NULL, NULL),
(379, 22, 6, 2, '0', NULL, NULL, NULL),
(380, 22, 6, 3, '1', NULL, NULL, NULL),
(381, 22, 6, 4, '0', NULL, NULL, NULL),
(382, 22, 6, 5, '1', NULL, NULL, NULL),
(383, 23, 2, 1, '1', NULL, NULL, NULL),
(384, 23, 2, 2, '2', NULL, NULL, NULL),
(385, 23, 2, 3, '0', NULL, NULL, NULL),
(386, 23, 2, 4, '-1', NULL, NULL, NULL),
(387, 23, 2, 5, '-2', NULL, NULL, NULL),
(388, 23, 3, 1, '1', NULL, NULL, NULL),
(389, 23, 3, 2, '1', NULL, NULL, NULL),
(390, 23, 3, 3, '0', NULL, NULL, NULL),
(391, 23, 3, 4, '0', NULL, NULL, NULL),
(392, 23, 3, 5, '-1', NULL, NULL, NULL),
(393, 23, 4, 1, '-1', NULL, NULL, NULL),
(394, 23, 4, 2, '1', NULL, NULL, NULL),
(395, 23, 4, 3, '0', NULL, NULL, NULL),
(396, 23, 4, 4, '0', NULL, NULL, NULL),
(397, 23, 4, 5, '0', NULL, NULL, NULL),
(398, 23, 5, 1, '0', NULL, NULL, NULL),
(399, 23, 5, 2, '0', NULL, NULL, NULL),
(400, 23, 5, 3, '1', NULL, NULL, NULL),
(401, 23, 5, 4, '1', NULL, NULL, NULL),
(402, 23, 5, 5, '0', NULL, NULL, NULL),
(403, 23, 6, 1, '0', NULL, NULL, NULL),
(404, 23, 6, 2, '0', NULL, NULL, NULL),
(405, 23, 6, 3, '1', NULL, NULL, NULL),
(406, 23, 6, 4, '0', NULL, NULL, NULL),
(407, 23, 6, 5, '1', NULL, NULL, NULL),
(408, 24, 2, 1, '1', NULL, NULL, NULL),
(409, 24, 2, 2, '2', NULL, NULL, NULL),
(410, 24, 2, 3, '0', NULL, NULL, NULL),
(411, 24, 2, 4, '-1', NULL, NULL, NULL),
(412, 24, 2, 5, '-2', NULL, NULL, NULL),
(413, 24, 3, 1, '1', NULL, NULL, NULL),
(414, 24, 3, 2, '1', NULL, NULL, NULL),
(415, 24, 3, 3, '0', NULL, NULL, NULL),
(416, 24, 3, 4, '0', NULL, NULL, NULL),
(417, 24, 3, 5, '-1', NULL, NULL, NULL),
(418, 24, 4, 1, '-1', NULL, NULL, NULL),
(419, 24, 4, 2, '1', NULL, NULL, NULL),
(420, 24, 4, 3, '0', NULL, NULL, NULL),
(421, 24, 4, 4, '0', NULL, NULL, NULL),
(422, 24, 4, 5, '0', NULL, NULL, NULL),
(423, 24, 5, 1, '0', NULL, NULL, NULL),
(424, 24, 5, 2, '0', NULL, NULL, NULL),
(425, 24, 5, 3, '1', NULL, NULL, NULL),
(426, 24, 5, 4, '1', NULL, NULL, NULL),
(427, 24, 5, 5, '0', NULL, NULL, NULL),
(428, 24, 6, 1, '0', NULL, NULL, NULL),
(429, 24, 6, 2, '0', NULL, NULL, NULL),
(430, 24, 6, 3, '1', NULL, NULL, NULL),
(431, 24, 6, 4, '0', NULL, NULL, NULL),
(432, 24, 6, 5, '1', NULL, NULL, NULL),
(433, 25, 2, 1, '1', NULL, NULL, NULL),
(434, 25, 2, 2, '2', NULL, NULL, NULL),
(435, 25, 2, 3, '0', NULL, NULL, NULL),
(436, 25, 2, 4, '-1', NULL, NULL, NULL),
(437, 25, 2, 5, '-2', NULL, NULL, NULL),
(438, 25, 3, 1, '1', NULL, NULL, NULL),
(439, 25, 3, 2, '1', NULL, NULL, NULL),
(440, 25, 3, 3, '0', NULL, NULL, NULL),
(441, 25, 3, 4, '0', NULL, NULL, NULL),
(442, 25, 3, 5, '-1', NULL, NULL, NULL),
(443, 25, 4, 1, '-1', NULL, NULL, NULL),
(444, 25, 4, 2, '1', NULL, NULL, NULL),
(445, 25, 4, 3, '0', NULL, NULL, NULL),
(446, 25, 4, 4, '0', NULL, NULL, NULL),
(447, 25, 4, 5, '0', NULL, NULL, NULL),
(448, 25, 5, 1, '0', NULL, NULL, NULL),
(449, 25, 5, 2, '0', NULL, NULL, NULL),
(450, 25, 5, 3, '1', NULL, NULL, NULL),
(451, 25, 5, 4, '1', NULL, NULL, NULL),
(452, 25, 5, 5, '0', NULL, NULL, NULL),
(453, 25, 6, 1, '0', NULL, NULL, NULL),
(454, 25, 6, 2, '0', NULL, NULL, NULL),
(455, 25, 6, 3, '1', NULL, NULL, NULL),
(456, 25, 6, 4, '0', NULL, NULL, NULL),
(457, 25, 6, 5, '1', NULL, NULL, NULL),
(458, 26, 2, 1, '1', NULL, NULL, NULL),
(459, 26, 2, 2, '2', NULL, NULL, NULL),
(460, 26, 2, 3, '0', NULL, NULL, NULL),
(461, 26, 2, 4, '-1', NULL, NULL, NULL),
(462, 26, 2, 5, '-2', NULL, NULL, NULL),
(463, 26, 3, 1, '1', NULL, NULL, NULL),
(464, 26, 3, 2, '1', NULL, NULL, NULL),
(465, 26, 3, 3, '0', NULL, NULL, NULL),
(466, 26, 3, 4, '0', NULL, NULL, NULL),
(467, 26, 3, 5, '-1', NULL, NULL, NULL),
(468, 26, 4, 1, '-1', NULL, NULL, NULL),
(469, 26, 4, 2, '1', NULL, NULL, NULL),
(470, 26, 4, 3, '0', NULL, NULL, NULL),
(471, 26, 4, 4, '0', NULL, NULL, NULL),
(472, 26, 4, 5, '0', NULL, NULL, NULL),
(473, 26, 5, 1, '0', NULL, NULL, NULL),
(474, 26, 5, 2, '0', NULL, NULL, NULL),
(475, 26, 5, 3, '1', NULL, NULL, NULL),
(476, 26, 5, 4, '1', NULL, NULL, NULL),
(477, 26, 5, 5, '0', NULL, NULL, NULL),
(478, 26, 6, 1, '0', NULL, NULL, NULL),
(479, 26, 6, 2, '0', NULL, NULL, NULL),
(480, 26, 6, 3, '1', NULL, NULL, NULL),
(481, 26, 6, 4, '0', NULL, NULL, NULL),
(482, 26, 6, 5, '1', NULL, NULL, NULL),
(483, 27, 2, 1, '1', NULL, NULL, NULL),
(484, 27, 2, 2, '2', NULL, NULL, NULL),
(485, 27, 2, 3, '0', NULL, NULL, NULL),
(486, 27, 2, 4, '-1', NULL, NULL, NULL),
(487, 27, 2, 5, '-2', NULL, NULL, NULL),
(488, 27, 3, 1, '1', NULL, NULL, NULL),
(489, 27, 3, 2, '1', NULL, NULL, NULL),
(490, 27, 3, 3, '0', NULL, NULL, NULL),
(491, 27, 3, 4, '0', NULL, NULL, NULL),
(492, 27, 3, 5, '-1', NULL, NULL, NULL),
(493, 27, 4, 1, '-1', NULL, NULL, NULL),
(494, 27, 4, 2, '1', NULL, NULL, NULL),
(495, 27, 4, 3, '0', NULL, NULL, NULL),
(496, 27, 4, 4, '0', NULL, NULL, NULL),
(497, 27, 4, 5, '0', NULL, NULL, NULL),
(498, 27, 5, 1, '0', NULL, NULL, NULL),
(499, 27, 5, 2, '0', NULL, NULL, NULL),
(500, 27, 5, 3, '1', NULL, NULL, NULL),
(501, 27, 5, 4, '1', NULL, NULL, NULL),
(502, 27, 5, 5, '0', NULL, NULL, NULL),
(503, 27, 6, 1, '0', NULL, NULL, NULL),
(504, 27, 6, 2, '0', NULL, NULL, NULL),
(505, 27, 6, 3, '1', NULL, NULL, NULL),
(506, 27, 6, 4, '0', NULL, NULL, NULL),
(507, 27, 6, 5, '1', NULL, NULL, NULL),
(508, 28, 2, 1, '1', NULL, NULL, NULL),
(509, 28, 2, 2, '2', NULL, NULL, NULL),
(510, 28, 2, 3, '0', NULL, NULL, NULL),
(511, 28, 2, 4, '-1', NULL, NULL, NULL),
(512, 28, 2, 5, '-2', NULL, NULL, NULL),
(513, 28, 3, 1, '1', NULL, NULL, NULL),
(514, 28, 3, 2, '1', NULL, NULL, NULL),
(515, 28, 3, 3, '0', NULL, NULL, NULL),
(516, 28, 3, 4, '0', NULL, NULL, NULL),
(517, 28, 3, 5, '-1', NULL, NULL, NULL),
(518, 28, 4, 1, '-1', NULL, NULL, NULL),
(519, 28, 4, 2, '1', NULL, NULL, NULL),
(520, 28, 4, 3, '0', NULL, NULL, NULL),
(521, 28, 4, 4, '0', NULL, NULL, NULL),
(522, 28, 4, 5, '0', NULL, NULL, NULL),
(523, 28, 5, 1, '0', NULL, NULL, NULL),
(524, 28, 5, 2, '0', NULL, NULL, NULL),
(525, 28, 5, 3, '1', NULL, NULL, NULL),
(526, 28, 5, 4, '1', NULL, NULL, NULL),
(527, 28, 5, 5, '0', NULL, NULL, NULL),
(528, 28, 6, 1, '0', NULL, NULL, NULL),
(529, 28, 6, 2, '0', NULL, NULL, NULL),
(530, 28, 6, 3, '1', NULL, NULL, NULL),
(531, 28, 6, 4, '0', NULL, NULL, NULL),
(532, 28, 6, 5, '1', NULL, NULL, NULL),
(533, 29, 2, 1, '1', NULL, NULL, NULL),
(534, 29, 2, 2, '2', NULL, NULL, NULL),
(535, 29, 2, 3, '0', NULL, NULL, NULL),
(536, 29, 2, 4, '-1', NULL, NULL, NULL),
(537, 29, 2, 5, '-2', NULL, NULL, NULL),
(538, 29, 3, 1, '1', NULL, NULL, NULL),
(539, 29, 3, 2, '1', NULL, NULL, NULL),
(540, 29, 3, 3, '0', NULL, NULL, NULL),
(541, 29, 3, 4, '0', NULL, NULL, NULL),
(542, 29, 3, 5, '-1', NULL, NULL, NULL),
(543, 29, 4, 1, '-1', NULL, NULL, NULL),
(544, 29, 4, 2, '1', NULL, NULL, NULL),
(545, 29, 4, 3, '0', NULL, NULL, NULL),
(546, 29, 4, 4, '0', NULL, NULL, NULL),
(547, 29, 4, 5, '0', NULL, NULL, NULL),
(548, 29, 5, 1, '0', NULL, NULL, NULL),
(549, 29, 5, 2, '0', NULL, NULL, NULL),
(550, 29, 5, 3, '1', NULL, NULL, NULL),
(551, 29, 5, 4, '1', NULL, NULL, NULL),
(552, 29, 5, 5, '0', NULL, NULL, NULL),
(553, 29, 6, 1, '0', NULL, NULL, NULL),
(554, 29, 6, 2, '0', NULL, NULL, NULL),
(555, 29, 6, 3, '1', NULL, NULL, NULL),
(556, 29, 6, 4, '0', NULL, NULL, NULL),
(557, 29, 6, 5, '1', NULL, NULL, NULL),
(558, 30, 2, 1, '1', NULL, NULL, NULL),
(559, 30, 2, 2, '2', NULL, NULL, NULL),
(560, 30, 2, 3, '0', NULL, NULL, NULL),
(561, 30, 2, 4, '-1', NULL, NULL, NULL),
(562, 30, 2, 5, '-2', NULL, NULL, NULL),
(563, 30, 3, 1, '1', NULL, NULL, NULL),
(564, 30, 3, 2, '1', NULL, NULL, NULL),
(565, 30, 3, 3, '0', NULL, NULL, NULL),
(566, 30, 3, 4, '0', NULL, NULL, NULL),
(567, 30, 3, 5, '-1', NULL, NULL, NULL),
(568, 30, 4, 1, '-1', NULL, NULL, NULL),
(569, 30, 4, 2, '1', NULL, NULL, NULL),
(570, 30, 4, 3, '0', NULL, NULL, NULL),
(571, 30, 4, 4, '0', NULL, NULL, NULL),
(572, 30, 4, 5, '0', NULL, NULL, NULL),
(573, 30, 5, 1, '0', NULL, NULL, NULL),
(574, 30, 5, 2, '0', NULL, NULL, NULL),
(575, 30, 5, 3, '1', NULL, NULL, NULL),
(576, 30, 5, 4, '1', NULL, NULL, NULL),
(577, 30, 5, 5, '0', NULL, NULL, NULL),
(578, 30, 6, 1, '0', NULL, NULL, NULL),
(579, 30, 6, 2, '0', NULL, NULL, NULL),
(580, 30, 6, 3, '1', NULL, NULL, NULL),
(581, 30, 6, 4, '0', NULL, NULL, NULL),
(582, 30, 6, 5, '1', NULL, NULL, NULL),
(583, 31, 2, 1, '1', NULL, NULL, NULL),
(584, 31, 2, 2, '2', NULL, NULL, NULL),
(585, 31, 2, 3, '0', NULL, NULL, NULL),
(586, 31, 2, 4, '-1', NULL, NULL, NULL),
(587, 31, 2, 5, '-2', NULL, NULL, NULL),
(588, 31, 3, 1, '1', NULL, NULL, NULL),
(589, 31, 3, 2, '1', NULL, NULL, NULL),
(590, 31, 3, 3, '0', NULL, NULL, NULL),
(591, 31, 3, 4, '0', NULL, NULL, NULL),
(592, 31, 3, 5, '-1', NULL, NULL, NULL),
(593, 31, 4, 1, '-1', NULL, NULL, NULL),
(594, 31, 4, 2, '1', NULL, NULL, NULL),
(595, 31, 4, 3, '0', NULL, NULL, NULL),
(596, 31, 4, 4, '0', NULL, NULL, NULL),
(597, 31, 4, 5, '0', NULL, NULL, NULL),
(598, 31, 5, 1, '0', NULL, NULL, NULL),
(599, 31, 5, 2, '0', NULL, NULL, NULL),
(600, 31, 5, 3, '1', NULL, NULL, NULL),
(601, 31, 5, 4, '1', NULL, NULL, NULL),
(602, 31, 5, 5, '0', NULL, NULL, NULL),
(603, 31, 6, 1, '0', NULL, NULL, NULL),
(604, 31, 6, 2, '0', NULL, NULL, NULL),
(605, 31, 6, 3, '1', NULL, NULL, NULL),
(606, 31, 6, 4, '0', NULL, NULL, NULL),
(607, 31, 6, 5, '1', NULL, NULL, NULL),
(608, 32, 2, 1, '1', NULL, NULL, NULL),
(609, 32, 2, 2, '2', NULL, NULL, NULL),
(610, 32, 2, 3, '0', NULL, NULL, NULL),
(611, 32, 2, 4, '-1', NULL, NULL, NULL),
(612, 32, 2, 5, '-2', NULL, NULL, NULL),
(613, 32, 3, 1, '1', NULL, NULL, NULL),
(614, 32, 3, 2, '1', NULL, NULL, NULL),
(615, 32, 3, 3, '0', NULL, NULL, NULL),
(616, 32, 3, 4, '0', NULL, NULL, NULL),
(617, 32, 3, 5, '-1', NULL, NULL, NULL),
(618, 32, 4, 1, '-1', NULL, NULL, NULL),
(619, 32, 4, 2, '1', NULL, NULL, NULL),
(620, 32, 4, 3, '0', NULL, NULL, NULL),
(621, 32, 4, 4, '0', NULL, NULL, NULL),
(622, 32, 4, 5, '0', NULL, NULL, NULL),
(623, 32, 5, 1, '0', NULL, NULL, NULL),
(624, 32, 5, 2, '0', NULL, NULL, NULL),
(625, 32, 5, 3, '1', NULL, NULL, NULL),
(626, 32, 5, 4, '1', NULL, NULL, NULL),
(627, 32, 5, 5, '0', NULL, NULL, NULL),
(628, 32, 6, 1, '0', NULL, NULL, NULL),
(629, 32, 6, 2, '0', NULL, NULL, NULL),
(630, 32, 6, 3, '1', NULL, NULL, NULL),
(631, 32, 6, 4, '0', NULL, NULL, NULL),
(632, 32, 6, 5, '1', NULL, NULL, NULL),
(633, 33, 2, 1, '1', NULL, NULL, NULL),
(634, 33, 2, 2, '2', NULL, NULL, NULL),
(635, 33, 2, 3, '0', NULL, NULL, NULL),
(636, 33, 2, 4, '-1', NULL, NULL, NULL),
(637, 33, 2, 5, '-2', NULL, NULL, NULL),
(638, 33, 3, 1, '1', NULL, NULL, NULL),
(639, 33, 3, 2, '1', NULL, NULL, NULL),
(640, 33, 3, 3, '0', NULL, NULL, NULL),
(641, 33, 3, 4, '0', NULL, NULL, NULL),
(642, 33, 3, 5, '-1', NULL, NULL, NULL),
(643, 33, 4, 1, '-1', NULL, NULL, NULL),
(644, 33, 4, 2, '1', NULL, NULL, NULL),
(645, 33, 4, 3, '0', NULL, NULL, NULL),
(646, 33, 4, 4, '0', NULL, NULL, NULL),
(647, 33, 4, 5, '0', NULL, NULL, NULL),
(648, 33, 5, 1, '0', NULL, NULL, NULL),
(649, 33, 5, 2, '0', NULL, NULL, NULL),
(650, 33, 5, 3, '1', NULL, NULL, NULL),
(651, 33, 5, 4, '1', NULL, NULL, NULL),
(652, 33, 5, 5, '0', NULL, NULL, NULL),
(653, 33, 6, 1, '0', NULL, NULL, NULL),
(654, 33, 6, 2, '0', NULL, NULL, NULL),
(655, 33, 6, 3, '1', NULL, NULL, NULL),
(656, 33, 6, 4, '0', NULL, NULL, NULL),
(657, 33, 6, 5, '1', NULL, NULL, NULL),
(658, 34, 2, 1, '1', NULL, NULL, NULL),
(659, 34, 2, 2, '2', NULL, NULL, NULL),
(660, 34, 2, 3, '0', NULL, NULL, NULL),
(661, 34, 2, 4, '-1', NULL, NULL, NULL),
(662, 34, 2, 5, '-2', NULL, NULL, NULL),
(663, 34, 3, 1, '1', NULL, NULL, NULL),
(664, 34, 3, 2, '1', NULL, NULL, NULL),
(665, 34, 3, 3, '0', NULL, NULL, NULL),
(666, 34, 3, 4, '0', NULL, NULL, NULL),
(667, 34, 3, 5, '-1', NULL, NULL, NULL),
(668, 34, 4, 1, '-1', NULL, NULL, NULL),
(669, 34, 4, 2, '1', NULL, NULL, NULL),
(670, 34, 4, 3, '0', NULL, NULL, NULL),
(671, 34, 4, 4, '0', NULL, NULL, NULL),
(672, 34, 4, 5, '0', NULL, NULL, NULL),
(673, 34, 5, 1, '0', NULL, NULL, NULL),
(674, 34, 5, 2, '0', NULL, NULL, NULL),
(675, 34, 5, 3, '1', NULL, NULL, NULL),
(676, 34, 5, 4, '1', NULL, NULL, NULL),
(677, 34, 5, 5, '0', NULL, NULL, NULL),
(678, 34, 6, 1, '0', NULL, NULL, NULL),
(679, 34, 6, 2, '0', NULL, NULL, NULL),
(680, 34, 6, 3, '1', NULL, NULL, NULL),
(681, 34, 6, 4, '0', NULL, NULL, NULL),
(682, 34, 6, 5, '1', NULL, NULL, NULL),
(683, 35, 2, 1, '1', NULL, NULL, NULL),
(684, 35, 2, 2, '2', NULL, NULL, NULL),
(685, 35, 2, 3, '0', NULL, NULL, NULL),
(686, 35, 2, 4, '-1', NULL, NULL, NULL),
(687, 35, 2, 5, '-2', NULL, NULL, NULL),
(688, 35, 3, 1, '1', NULL, NULL, NULL),
(689, 35, 3, 2, '1', NULL, NULL, NULL),
(690, 35, 3, 3, '0', NULL, NULL, NULL),
(691, 35, 3, 4, '0', NULL, NULL, NULL),
(692, 35, 3, 5, '-1', NULL, NULL, NULL),
(693, 35, 4, 1, '-1', NULL, NULL, NULL),
(694, 35, 4, 2, '1', NULL, NULL, NULL),
(695, 35, 4, 3, '0', NULL, NULL, NULL),
(696, 35, 4, 4, '0', NULL, NULL, NULL),
(697, 35, 4, 5, '0', NULL, NULL, NULL),
(698, 35, 5, 1, '0', NULL, NULL, NULL),
(699, 35, 5, 2, '0', NULL, NULL, NULL),
(700, 35, 5, 3, '1', NULL, NULL, NULL),
(701, 35, 5, 4, '1', NULL, NULL, NULL),
(702, 35, 5, 5, '0', NULL, NULL, NULL),
(703, 35, 6, 1, '0', NULL, NULL, NULL),
(704, 35, 6, 2, '0', NULL, NULL, NULL),
(705, 35, 6, 3, '1', NULL, NULL, NULL),
(706, 35, 6, 4, '0', NULL, NULL, NULL),
(707, 35, 6, 5, '1', NULL, NULL, NULL),
(708, 36, 2, 1, '1', NULL, NULL, NULL),
(709, 36, 2, 2, '2', NULL, NULL, NULL),
(710, 36, 2, 3, '0', NULL, NULL, NULL),
(711, 36, 2, 4, '-1', NULL, NULL, NULL),
(712, 36, 2, 5, '-2', NULL, NULL, NULL),
(713, 36, 3, 1, '1', NULL, NULL, NULL),
(714, 36, 3, 2, '1', NULL, NULL, NULL),
(715, 36, 3, 3, '0', NULL, NULL, NULL),
(716, 36, 3, 4, '0', NULL, NULL, NULL),
(717, 36, 3, 5, '-1', NULL, NULL, NULL),
(718, 36, 4, 1, '-1', NULL, NULL, NULL),
(719, 36, 4, 2, '1', NULL, NULL, NULL),
(720, 36, 4, 3, '0', NULL, NULL, NULL),
(721, 36, 4, 4, '0', NULL, NULL, NULL),
(722, 36, 4, 5, '0', NULL, NULL, NULL),
(723, 36, 5, 1, '0', NULL, NULL, NULL),
(724, 36, 5, 2, '0', NULL, NULL, NULL),
(725, 36, 5, 3, '1', NULL, NULL, NULL),
(726, 36, 5, 4, '1', NULL, NULL, NULL),
(727, 36, 5, 5, '0', NULL, NULL, NULL),
(728, 36, 6, 1, '0', NULL, NULL, NULL),
(729, 36, 6, 2, '0', NULL, NULL, NULL),
(730, 36, 6, 3, '1', NULL, NULL, NULL),
(731, 36, 6, 4, '0', NULL, NULL, NULL),
(732, 36, 6, 5, '1', NULL, NULL, NULL),
(733, 37, 2, 1, '1', NULL, NULL, NULL),
(734, 37, 2, 2, '2', NULL, NULL, NULL),
(735, 37, 2, 3, '0', NULL, NULL, NULL),
(736, 37, 2, 4, '-1', NULL, NULL, NULL),
(737, 37, 2, 5, '-2', NULL, NULL, NULL),
(738, 37, 3, 1, '1', NULL, NULL, NULL),
(739, 37, 3, 2, '1', NULL, NULL, NULL),
(740, 37, 3, 3, '0', NULL, NULL, NULL),
(741, 37, 3, 4, '0', NULL, NULL, NULL),
(742, 37, 3, 5, '-1', NULL, NULL, NULL),
(743, 37, 4, 1, '-1', NULL, NULL, NULL),
(744, 37, 4, 2, '1', NULL, NULL, NULL),
(745, 37, 4, 3, '0', NULL, NULL, NULL),
(746, 37, 4, 4, '0', NULL, NULL, NULL),
(747, 37, 4, 5, '0', NULL, NULL, NULL),
(748, 37, 5, 1, '0', NULL, NULL, NULL),
(749, 37, 5, 2, '0', NULL, NULL, NULL),
(750, 37, 5, 3, '1', NULL, NULL, NULL),
(751, 37, 5, 4, '1', NULL, NULL, NULL),
(752, 37, 5, 5, '0', NULL, NULL, NULL),
(753, 37, 6, 1, '0', NULL, NULL, NULL),
(754, 37, 6, 2, '0', NULL, NULL, NULL),
(755, 37, 6, 3, '1', NULL, NULL, NULL),
(756, 37, 6, 4, '0', NULL, NULL, NULL),
(757, 37, 6, 5, '1', NULL, NULL, NULL),
(758, 38, 2, 1, '1', NULL, NULL, NULL),
(759, 38, 2, 2, '2', NULL, NULL, NULL),
(760, 38, 2, 3, '0', NULL, NULL, NULL),
(761, 38, 2, 4, '-1', NULL, NULL, NULL),
(762, 38, 2, 5, '-2', NULL, NULL, NULL),
(763, 38, 3, 1, '1', NULL, NULL, NULL),
(764, 38, 3, 2, '1', NULL, NULL, NULL),
(765, 38, 3, 3, '0', NULL, NULL, NULL),
(766, 38, 3, 4, '0', NULL, NULL, NULL),
(767, 38, 3, 5, '-1', NULL, NULL, NULL),
(768, 38, 4, 1, '-1', NULL, NULL, NULL),
(769, 38, 4, 2, '1', NULL, NULL, NULL),
(770, 38, 4, 3, '0', NULL, NULL, NULL),
(771, 38, 4, 4, '0', NULL, NULL, NULL),
(772, 38, 4, 5, '0', NULL, NULL, NULL),
(773, 38, 5, 1, '0', NULL, NULL, NULL),
(774, 38, 5, 2, '0', NULL, NULL, NULL),
(775, 38, 5, 3, '1', NULL, NULL, NULL),
(776, 38, 5, 4, '1', NULL, NULL, NULL),
(777, 38, 5, 5, '0', NULL, NULL, NULL),
(778, 38, 6, 1, '0', NULL, NULL, NULL),
(779, 38, 6, 2, '0', NULL, NULL, NULL),
(780, 38, 6, 3, '1', NULL, NULL, NULL),
(781, 38, 6, 4, '0', NULL, NULL, NULL),
(782, 38, 6, 5, '1', NULL, NULL, NULL),
(783, 39, 2, 1, '1', NULL, NULL, NULL),
(784, 39, 2, 2, '2', NULL, NULL, NULL),
(785, 39, 2, 3, '0', NULL, NULL, NULL),
(786, 39, 2, 4, '-1', NULL, NULL, NULL),
(787, 39, 2, 5, '-2', NULL, NULL, NULL),
(788, 39, 3, 1, '1', NULL, NULL, NULL),
(789, 39, 3, 2, '1', NULL, NULL, NULL),
(790, 39, 3, 3, '0', NULL, NULL, NULL),
(791, 39, 3, 4, '0', NULL, NULL, NULL),
(792, 39, 3, 5, '-1', NULL, NULL, NULL),
(793, 39, 4, 1, '-1', NULL, NULL, NULL),
(794, 39, 4, 2, '1', NULL, NULL, NULL),
(795, 39, 4, 3, '0', NULL, NULL, NULL),
(796, 39, 4, 4, '0', NULL, NULL, NULL),
(797, 39, 4, 5, '0', NULL, NULL, NULL),
(798, 39, 5, 1, '0', NULL, NULL, NULL),
(799, 39, 5, 2, '0', NULL, NULL, NULL),
(800, 39, 5, 3, '1', NULL, NULL, NULL),
(801, 39, 5, 4, '1', NULL, NULL, NULL),
(802, 39, 5, 5, '0', NULL, NULL, NULL),
(803, 39, 6, 1, '0', NULL, NULL, NULL),
(804, 39, 6, 2, '0', NULL, NULL, NULL),
(805, 39, 6, 3, '1', NULL, NULL, NULL),
(806, 39, 6, 4, '0', NULL, NULL, NULL),
(807, 39, 6, 5, '1', NULL, NULL, NULL),
(808, 40, 2, 1, '1', NULL, NULL, NULL),
(809, 40, 2, 2, '2', NULL, NULL, NULL),
(810, 40, 2, 3, '0', NULL, NULL, NULL),
(811, 40, 2, 4, '-1', NULL, NULL, NULL),
(812, 40, 2, 5, '-2', NULL, NULL, NULL),
(813, 40, 3, 1, '1', NULL, NULL, NULL),
(814, 40, 3, 2, '1', NULL, NULL, NULL),
(815, 40, 3, 3, '0', NULL, NULL, NULL),
(816, 40, 3, 4, '0', NULL, NULL, NULL),
(817, 40, 3, 5, '-1', NULL, NULL, NULL),
(818, 40, 4, 1, '-1', NULL, NULL, NULL),
(819, 40, 4, 2, '1', NULL, NULL, NULL),
(820, 40, 4, 3, '0', NULL, NULL, NULL),
(821, 40, 4, 4, '0', NULL, NULL, NULL),
(822, 40, 4, 5, '0', NULL, NULL, NULL),
(823, 40, 5, 1, '0', NULL, NULL, NULL),
(824, 40, 5, 2, '0', NULL, NULL, NULL),
(825, 40, 5, 3, '1', NULL, NULL, NULL),
(826, 40, 5, 4, '1', NULL, NULL, NULL),
(827, 40, 5, 5, '0', NULL, NULL, NULL),
(828, 40, 6, 1, '0', NULL, NULL, NULL),
(829, 40, 6, 2, '0', NULL, NULL, NULL),
(830, 40, 6, 3, '1', NULL, NULL, NULL),
(831, 40, 6, 4, '0', NULL, NULL, NULL),
(832, 40, 6, 5, '1', NULL, NULL, NULL),
(833, 41, 2, 1, '1', NULL, NULL, NULL),
(834, 41, 2, 2, '2', NULL, NULL, NULL),
(835, 41, 2, 3, '0', NULL, NULL, NULL),
(836, 41, 2, 4, '-1', NULL, NULL, NULL),
(837, 41, 2, 5, '-2', NULL, NULL, NULL),
(838, 41, 3, 1, '1', NULL, NULL, NULL),
(839, 41, 3, 2, '1', NULL, NULL, NULL),
(840, 41, 3, 3, '0', NULL, NULL, NULL),
(841, 41, 3, 4, '0', NULL, NULL, NULL),
(842, 41, 3, 5, '-1', NULL, NULL, NULL),
(843, 41, 4, 1, '-1', NULL, NULL, NULL),
(844, 41, 4, 2, '1', NULL, NULL, NULL),
(845, 41, 4, 3, '0', NULL, NULL, NULL),
(846, 41, 4, 4, '0', NULL, NULL, NULL),
(847, 41, 4, 5, '0', NULL, NULL, NULL),
(848, 41, 5, 1, '0', NULL, NULL, NULL),
(849, 41, 5, 2, '0', NULL, NULL, NULL),
(850, 41, 5, 3, '1', NULL, NULL, NULL),
(851, 41, 5, 4, '1', NULL, NULL, NULL),
(852, 41, 5, 5, '0', NULL, NULL, NULL),
(853, 41, 6, 1, '0', NULL, NULL, NULL),
(854, 41, 6, 2, '0', NULL, NULL, NULL),
(855, 41, 6, 3, '1', NULL, NULL, NULL),
(856, 41, 6, 4, '0', NULL, NULL, NULL),
(857, 41, 6, 5, '1', NULL, NULL, NULL),
(858, 42, 2, 1, '1', NULL, NULL, NULL),
(859, 42, 2, 2, '2', NULL, NULL, NULL),
(860, 42, 2, 3, '0', NULL, NULL, NULL),
(861, 42, 2, 4, '-1', NULL, NULL, NULL),
(862, 42, 2, 5, '-2', NULL, NULL, NULL),
(863, 42, 3, 1, '1', NULL, NULL, NULL),
(864, 42, 3, 2, '1', NULL, NULL, NULL),
(865, 42, 3, 3, '0', NULL, NULL, NULL),
(866, 42, 3, 4, '0', NULL, NULL, NULL),
(867, 42, 3, 5, '-1', NULL, NULL, NULL),
(868, 42, 4, 1, '-1', NULL, NULL, NULL),
(869, 42, 4, 2, '1', NULL, NULL, NULL),
(870, 42, 4, 3, '0', NULL, NULL, NULL),
(871, 42, 4, 4, '0', NULL, NULL, NULL),
(872, 42, 4, 5, '0', NULL, NULL, NULL),
(873, 42, 5, 1, '0', NULL, NULL, NULL),
(874, 42, 5, 2, '0', NULL, NULL, NULL),
(875, 42, 5, 3, '1', NULL, NULL, NULL),
(876, 42, 5, 4, '1', NULL, NULL, NULL),
(877, 42, 5, 5, '0', NULL, NULL, NULL),
(878, 42, 6, 1, '0', NULL, NULL, NULL),
(879, 42, 6, 2, '0', NULL, NULL, NULL),
(880, 42, 6, 3, '1', NULL, NULL, NULL),
(881, 42, 6, 4, '0', NULL, NULL, NULL),
(882, 42, 6, 5, '1', NULL, NULL, NULL),
(883, 43, 2, 1, '1', NULL, NULL, NULL),
(884, 43, 2, 2, '2', NULL, NULL, NULL),
(885, 43, 2, 3, '0', NULL, NULL, NULL),
(886, 43, 2, 4, '-1', NULL, NULL, NULL),
(887, 43, 2, 5, '-2', NULL, NULL, NULL),
(888, 43, 3, 1, '1', NULL, NULL, NULL),
(889, 43, 3, 2, '1', NULL, NULL, NULL),
(890, 43, 3, 3, '0', NULL, NULL, NULL),
(891, 43, 3, 4, '0', NULL, NULL, NULL),
(892, 43, 3, 5, '-1', NULL, NULL, NULL),
(893, 43, 4, 1, '-1', NULL, NULL, NULL),
(894, 43, 4, 2, '1', NULL, NULL, NULL),
(895, 43, 4, 3, '0', NULL, NULL, NULL),
(896, 43, 4, 4, '0', NULL, NULL, NULL),
(897, 43, 4, 5, '0', NULL, NULL, NULL),
(898, 43, 5, 1, '0', NULL, NULL, NULL),
(899, 43, 5, 2, '0', NULL, NULL, NULL),
(900, 43, 5, 3, '1', NULL, NULL, NULL),
(901, 43, 5, 4, '1', NULL, NULL, NULL),
(902, 43, 5, 5, '0', NULL, NULL, NULL),
(903, 43, 6, 1, '0', NULL, NULL, NULL),
(904, 43, 6, 2, '0', NULL, NULL, NULL),
(905, 43, 6, 3, '1', NULL, NULL, NULL),
(906, 43, 6, 4, '0', NULL, NULL, NULL),
(907, 43, 6, 5, '1', NULL, NULL, NULL),
(908, 44, 2, 1, '1', NULL, NULL, NULL),
(909, 44, 2, 2, '2', NULL, NULL, NULL),
(910, 44, 2, 3, '0', NULL, NULL, NULL),
(911, 44, 2, 4, '-1', NULL, NULL, NULL),
(912, 44, 2, 5, '-2', NULL, NULL, NULL),
(913, 44, 3, 1, '1', NULL, NULL, NULL),
(914, 44, 3, 2, '1', NULL, NULL, NULL),
(915, 44, 3, 3, '0', NULL, NULL, NULL),
(916, 44, 3, 4, '0', NULL, NULL, NULL),
(917, 44, 3, 5, '-1', NULL, NULL, NULL),
(918, 44, 4, 1, '-1', NULL, NULL, NULL),
(919, 44, 4, 2, '1', NULL, NULL, NULL),
(920, 44, 4, 3, '0', NULL, NULL, NULL),
(921, 44, 4, 4, '0', NULL, NULL, NULL),
(922, 44, 4, 5, '0', NULL, NULL, NULL),
(923, 44, 5, 1, '0', NULL, NULL, NULL),
(924, 44, 5, 2, '0', NULL, NULL, NULL),
(925, 44, 5, 3, '1', NULL, NULL, NULL),
(926, 44, 5, 4, '1', NULL, NULL, NULL),
(927, 44, 5, 5, '0', NULL, NULL, NULL),
(928, 44, 6, 1, '0', NULL, NULL, NULL),
(929, 44, 6, 2, '0', NULL, NULL, NULL),
(930, 44, 6, 3, '1', NULL, NULL, NULL),
(931, 44, 6, 4, '0', NULL, NULL, NULL),
(932, 44, 6, 5, '1', NULL, NULL, NULL),
(933, 45, 2, 1, '1', NULL, NULL, NULL),
(934, 45, 2, 2, '2', NULL, NULL, NULL),
(935, 45, 2, 3, '0', NULL, NULL, NULL),
(936, 45, 2, 4, '-1', NULL, NULL, NULL),
(937, 45, 2, 5, '-2', NULL, NULL, NULL),
(938, 45, 3, 1, '1', NULL, NULL, NULL),
(939, 45, 3, 2, '1', NULL, NULL, NULL),
(940, 45, 3, 3, '0', NULL, NULL, NULL),
(941, 45, 3, 4, '0', NULL, NULL, NULL),
(942, 45, 3, 5, '-1', NULL, NULL, NULL),
(943, 45, 4, 1, '-1', NULL, NULL, NULL),
(944, 45, 4, 2, '1', NULL, NULL, NULL),
(945, 45, 4, 3, '0', NULL, NULL, NULL),
(946, 45, 4, 4, '0', NULL, NULL, NULL),
(947, 45, 4, 5, '0', NULL, NULL, NULL),
(948, 45, 5, 1, '0', NULL, NULL, NULL),
(949, 45, 5, 2, '0', NULL, NULL, NULL),
(950, 45, 5, 3, '1', NULL, NULL, NULL),
(951, 45, 5, 4, '1', NULL, NULL, NULL),
(952, 45, 5, 5, '0', NULL, NULL, NULL),
(953, 45, 6, 1, '0', NULL, NULL, NULL),
(954, 45, 6, 2, '0', NULL, NULL, NULL),
(955, 45, 6, 3, '1', NULL, NULL, NULL),
(956, 45, 6, 4, '0', NULL, NULL, NULL),
(957, 45, 6, 5, '1', NULL, NULL, NULL),
(958, 46, 2, 1, '1', NULL, NULL, NULL),
(959, 46, 2, 2, '2', NULL, NULL, NULL),
(960, 46, 2, 3, '0', NULL, NULL, NULL),
(961, 46, 2, 4, '-1', NULL, NULL, NULL),
(962, 46, 2, 5, '-2', NULL, NULL, NULL),
(963, 46, 3, 1, '1', NULL, NULL, NULL),
(964, 46, 3, 2, '1', NULL, NULL, NULL),
(965, 46, 3, 3, '0', NULL, NULL, NULL),
(966, 46, 3, 4, '0', NULL, NULL, NULL),
(967, 46, 3, 5, '-1', NULL, NULL, NULL),
(968, 46, 4, 1, '-1', NULL, NULL, NULL),
(969, 46, 4, 2, '1', NULL, NULL, NULL),
(970, 46, 4, 3, '0', NULL, NULL, NULL),
(971, 46, 4, 4, '0', NULL, NULL, NULL),
(972, 46, 4, 5, '0', NULL, NULL, NULL),
(973, 46, 5, 1, '0', NULL, NULL, NULL),
(974, 46, 5, 2, '0', NULL, NULL, NULL),
(975, 46, 5, 3, '1', NULL, NULL, NULL),
(976, 46, 5, 4, '1', NULL, NULL, NULL),
(977, 46, 5, 5, '0', NULL, NULL, NULL),
(978, 46, 6, 1, '0', NULL, NULL, NULL),
(979, 46, 6, 2, '0', NULL, NULL, NULL),
(980, 46, 6, 3, '1', NULL, NULL, NULL),
(981, 46, 6, 4, '0', NULL, NULL, NULL),
(982, 46, 6, 5, '1', NULL, NULL, NULL),
(983, 47, 2, 1, '1', NULL, NULL, NULL),
(984, 47, 2, 2, '2', NULL, NULL, NULL),
(985, 47, 2, 3, '0', NULL, NULL, NULL),
(986, 47, 2, 4, '-1', NULL, NULL, NULL),
(987, 47, 2, 5, '-2', NULL, NULL, NULL),
(988, 47, 3, 1, '1', NULL, NULL, NULL),
(989, 47, 3, 2, '1', NULL, NULL, NULL),
(990, 47, 3, 3, '0', NULL, NULL, NULL),
(991, 47, 3, 4, '0', NULL, NULL, NULL),
(992, 47, 3, 5, '-1', NULL, NULL, NULL),
(993, 47, 4, 1, '-1', NULL, NULL, NULL),
(994, 47, 4, 2, '1', NULL, NULL, NULL),
(995, 47, 4, 3, '0', NULL, NULL, NULL),
(996, 47, 4, 4, '0', NULL, NULL, NULL),
(997, 47, 4, 5, '0', NULL, NULL, NULL),
(998, 47, 5, 1, '0', NULL, NULL, NULL),
(999, 47, 5, 2, '0', NULL, NULL, NULL),
(1000, 47, 5, 3, '1', NULL, NULL, NULL),
(1001, 47, 5, 4, '1', NULL, NULL, NULL),
(1002, 47, 5, 5, '0', NULL, NULL, NULL),
(1003, 47, 6, 1, '0', NULL, NULL, NULL),
(1004, 47, 6, 2, '0', NULL, NULL, NULL),
(1005, 47, 6, 3, '1', NULL, NULL, NULL),
(1006, 47, 6, 4, '0', NULL, NULL, NULL),
(1007, 47, 6, 5, '1', NULL, NULL, NULL),
(1008, 48, 2, 1, '1', NULL, NULL, NULL),
(1009, 48, 2, 2, '2', NULL, NULL, NULL),
(1010, 48, 2, 3, '0', NULL, NULL, NULL),
(1011, 48, 2, 4, '-1', NULL, NULL, NULL),
(1012, 48, 2, 5, '-2', NULL, NULL, NULL),
(1013, 48, 3, 1, '1', NULL, NULL, NULL),
(1014, 48, 3, 2, '1', NULL, NULL, NULL),
(1015, 48, 3, 3, '0', NULL, NULL, NULL),
(1016, 48, 3, 4, '0', NULL, NULL, NULL),
(1017, 48, 3, 5, '-1', NULL, NULL, NULL),
(1018, 48, 4, 1, '-1', NULL, NULL, NULL),
(1019, 48, 4, 2, '1', NULL, NULL, NULL),
(1020, 48, 4, 3, '0', NULL, NULL, NULL),
(1021, 48, 4, 4, '0', NULL, NULL, NULL),
(1022, 48, 4, 5, '0', NULL, NULL, NULL),
(1023, 48, 5, 1, '0', NULL, NULL, NULL),
(1024, 48, 5, 2, '0', NULL, NULL, NULL),
(1025, 48, 5, 3, '1', NULL, NULL, NULL),
(1026, 48, 5, 4, '1', NULL, NULL, NULL),
(1027, 48, 5, 5, '0', NULL, NULL, NULL),
(1028, 48, 6, 1, '0', NULL, NULL, NULL),
(1029, 48, 6, 2, '0', NULL, NULL, NULL),
(1030, 48, 6, 3, '1', NULL, NULL, NULL),
(1031, 48, 6, 4, '0', NULL, NULL, NULL),
(1032, 48, 6, 5, '1', NULL, NULL, NULL),
(1033, 49, 2, 1, '1', NULL, NULL, NULL),
(1034, 49, 2, 2, '2', NULL, NULL, NULL),
(1035, 49, 2, 3, '0', NULL, NULL, NULL),
(1036, 49, 2, 4, '-1', NULL, NULL, NULL),
(1037, 49, 2, 5, '-2', NULL, NULL, NULL),
(1038, 49, 3, 1, '1', NULL, NULL, NULL),
(1039, 49, 3, 2, '1', NULL, NULL, NULL),
(1040, 49, 3, 3, '0', NULL, NULL, NULL),
(1041, 49, 3, 4, '0', NULL, NULL, NULL),
(1042, 49, 3, 5, '-1', NULL, NULL, NULL),
(1043, 49, 4, 1, '-1', NULL, NULL, NULL),
(1044, 49, 4, 2, '1', NULL, NULL, NULL),
(1045, 49, 4, 3, '0', NULL, NULL, NULL),
(1046, 49, 4, 4, '0', NULL, NULL, NULL),
(1047, 49, 4, 5, '0', NULL, NULL, NULL),
(1048, 49, 5, 1, '0', NULL, NULL, NULL),
(1049, 49, 5, 2, '0', NULL, NULL, NULL),
(1050, 49, 5, 3, '1', NULL, NULL, NULL),
(1051, 49, 5, 4, '1', NULL, NULL, NULL),
(1052, 49, 5, 5, '0', NULL, NULL, NULL),
(1053, 49, 6, 1, '0', NULL, NULL, NULL),
(1054, 49, 6, 2, '0', NULL, NULL, NULL),
(1055, 49, 6, 3, '1', NULL, NULL, NULL),
(1056, 49, 6, 4, '0', NULL, NULL, NULL),
(1057, 49, 6, 5, '1', NULL, NULL, NULL),
(1058, 50, 2, 1, '1', NULL, NULL, NULL),
(1059, 50, 2, 2, '2', NULL, NULL, NULL),
(1060, 50, 2, 3, '0', NULL, NULL, NULL),
(1061, 50, 2, 4, '-1', NULL, NULL, NULL),
(1062, 50, 2, 5, '-2', NULL, NULL, NULL),
(1063, 50, 3, 1, '1', NULL, NULL, NULL),
(1064, 50, 3, 2, '1', NULL, NULL, NULL),
(1065, 50, 3, 3, '0', NULL, NULL, NULL),
(1066, 50, 3, 4, '0', NULL, NULL, NULL),
(1067, 50, 3, 5, '-1', NULL, NULL, NULL),
(1068, 50, 4, 1, '-1', NULL, NULL, NULL),
(1069, 50, 4, 2, '1', NULL, NULL, NULL),
(1070, 50, 4, 3, '0', NULL, NULL, NULL),
(1071, 50, 4, 4, '0', NULL, NULL, NULL),
(1072, 50, 4, 5, '0', NULL, NULL, NULL),
(1073, 50, 5, 1, '0', NULL, NULL, NULL),
(1074, 50, 5, 2, '0', NULL, NULL, NULL),
(1075, 50, 5, 3, '1', NULL, NULL, NULL),
(1076, 50, 5, 4, '1', NULL, NULL, NULL),
(1077, 50, 5, 5, '0', NULL, NULL, NULL),
(1078, 50, 6, 1, '0', NULL, NULL, NULL),
(1079, 50, 6, 2, '0', NULL, NULL, NULL),
(1080, 50, 6, 3, '1', NULL, NULL, NULL),
(1081, 50, 6, 4, '0', NULL, NULL, NULL),
(1082, 50, 6, 5, '1', NULL, NULL, NULL),
(1083, 51, 2, 1, '1', NULL, NULL, NULL),
(1084, 51, 2, 2, '2', NULL, NULL, NULL),
(1085, 51, 2, 3, '0', NULL, NULL, NULL),
(1086, 51, 2, 4, '-1', NULL, NULL, NULL),
(1087, 51, 2, 5, '-2', NULL, NULL, NULL),
(1088, 51, 3, 1, '1', NULL, NULL, NULL),
(1089, 51, 3, 2, '1', NULL, NULL, NULL),
(1090, 51, 3, 3, '0', NULL, NULL, NULL),
(1091, 51, 3, 4, '0', NULL, NULL, NULL),
(1092, 51, 3, 5, '-1', NULL, NULL, NULL),
(1093, 51, 4, 1, '-1', NULL, NULL, NULL),
(1094, 51, 4, 2, '1', NULL, NULL, NULL),
(1095, 51, 4, 3, '0', NULL, NULL, NULL),
(1096, 51, 4, 4, '0', NULL, NULL, NULL),
(1097, 51, 4, 5, '0', NULL, NULL, NULL),
(1098, 51, 5, 1, '0', NULL, NULL, NULL),
(1099, 51, 5, 2, '0', NULL, NULL, NULL),
(1100, 51, 5, 3, '1', NULL, NULL, NULL),
(1101, 51, 5, 4, '1', NULL, NULL, NULL),
(1102, 51, 5, 5, '0', NULL, NULL, NULL),
(1103, 51, 6, 1, '0', NULL, NULL, NULL),
(1104, 51, 6, 2, '0', NULL, NULL, NULL),
(1105, 51, 6, 3, '1', NULL, NULL, NULL),
(1106, 51, 6, 4, '0', NULL, NULL, NULL),
(1107, 51, 6, 5, '1', NULL, NULL, NULL),
(1108, 52, 2, 1, '1', NULL, NULL, NULL),
(1109, 52, 2, 2, '2', NULL, NULL, NULL),
(1110, 52, 2, 3, '0', NULL, NULL, NULL),
(1111, 52, 2, 4, '-1', NULL, NULL, NULL),
(1112, 52, 2, 5, '-2', NULL, NULL, NULL),
(1113, 52, 3, 1, '1', NULL, NULL, NULL),
(1114, 52, 3, 2, '1', NULL, NULL, NULL),
(1115, 52, 3, 3, '0', NULL, NULL, NULL),
(1116, 52, 3, 4, '0', NULL, NULL, NULL),
(1117, 52, 3, 5, '-1', NULL, NULL, NULL),
(1118, 52, 4, 1, '-1', NULL, NULL, NULL),
(1119, 52, 4, 2, '1', NULL, NULL, NULL),
(1120, 52, 4, 3, '0', NULL, NULL, NULL),
(1121, 52, 4, 4, '0', NULL, NULL, NULL),
(1122, 52, 4, 5, '0', NULL, NULL, NULL),
(1123, 52, 5, 1, '0', NULL, NULL, NULL),
(1124, 52, 5, 2, '0', NULL, NULL, NULL),
(1125, 52, 5, 3, '1', NULL, NULL, NULL),
(1126, 52, 5, 4, '1', NULL, NULL, NULL),
(1127, 52, 5, 5, '0', NULL, NULL, NULL),
(1128, 52, 6, 1, '0', NULL, NULL, NULL),
(1129, 52, 6, 2, '0', NULL, NULL, NULL),
(1130, 52, 6, 3, '1', NULL, NULL, NULL),
(1131, 52, 6, 4, '0', NULL, NULL, NULL),
(1132, 52, 6, 5, '1', NULL, NULL, NULL),
(1133, 53, 2, 1, '1', NULL, NULL, NULL),
(1134, 53, 2, 2, '2', NULL, NULL, NULL),
(1135, 53, 2, 3, '0', NULL, NULL, NULL),
(1136, 53, 2, 4, '-1', NULL, NULL, NULL),
(1137, 53, 2, 5, '-2', NULL, NULL, NULL),
(1138, 53, 3, 1, '1', NULL, NULL, NULL),
(1139, 53, 3, 2, '1', NULL, NULL, NULL),
(1140, 53, 3, 3, '0', NULL, NULL, NULL),
(1141, 53, 3, 4, '0', NULL, NULL, NULL),
(1142, 53, 3, 5, '-1', NULL, NULL, NULL),
(1143, 53, 4, 1, '-1', NULL, NULL, NULL),
(1144, 53, 4, 2, '1', NULL, NULL, NULL),
(1145, 53, 4, 3, '0', NULL, NULL, NULL),
(1146, 53, 4, 4, '0', NULL, NULL, NULL),
(1147, 53, 4, 5, '0', NULL, NULL, NULL),
(1148, 53, 5, 1, '0', NULL, NULL, NULL),
(1149, 53, 5, 2, '0', NULL, NULL, NULL),
(1150, 53, 5, 3, '1', NULL, NULL, NULL),
(1151, 53, 5, 4, '1', NULL, NULL, NULL),
(1152, 53, 5, 5, '0', NULL, NULL, NULL),
(1153, 53, 6, 1, '0', NULL, NULL, NULL),
(1154, 53, 6, 2, '0', NULL, NULL, NULL),
(1155, 53, 6, 3, '1', NULL, NULL, NULL),
(1156, 53, 6, 4, '0', NULL, NULL, NULL),
(1157, 53, 6, 5, '1', NULL, NULL, NULL);

-- --------------------------------------------------------

--
-- Table structure for table `pm_pembobotan`
--

CREATE TABLE `pm_pembobotan` (
  `id_pembobotan` bigint(20) UNSIGNED NOT NULL,
  `selisih` varchar(255) COLLATE utf8mb4_unicode_ci NOT NULL,
  `nilai_pembobotan` varchar(255) COLLATE utf8mb4_unicode_ci NOT NULL,
  `ket_nilai_pembobotan` varchar(255) COLLATE utf8mb4_unicode_ci NOT NULL,
  `created_at` timestamp NULL DEFAULT NULL,
  `updated_at` timestamp NULL DEFAULT NULL,
  `deleted_at` timestamp NULL DEFAULT NULL
) ENGINE=InnoDB DEFAULT CHARSET=utf8mb4 COLLATE=utf8mb4_unicode_ci;

--
-- Dumping data for table `pm_pembobotan`
--

INSERT INTO `pm_pembobotan` (`id_pembobotan`, `selisih`, `nilai_pembobotan`, `ket_nilai_pembobotan`, `created_at`, `updated_at`, `deleted_at`) VALUES
(1, '-3', '4', 'nilai bobot', '2023-01-21 09:02:34', '2023-01-21 09:02:53', '2023-01-21 09:02:53'),
(2, '0', '5', 'Tidak ada selisih skor kriteria', '2023-01-24 19:06:44', '2023-01-24 19:06:44', NULL),
(3, '1', '4.5', 'Kriteria kelebihan 1 level', '2023-01-24 19:07:12', '2023-01-30 17:18:59', NULL),
(4, '-1', '4', 'Kriteria kekurangan 1 level', '2023-01-24 19:07:39', '2023-01-24 19:07:39', NULL),
(5, '2', '3.5', 'Kriteria kelebihan 2 level', '2023-01-24 19:08:02', '2023-01-30 17:19:09', NULL),
(6, '-2', '3', 'Kriteria kekurangan 2 level', '2023-01-24 19:08:15', '2023-01-24 19:08:15', NULL),
(7, '3', '2.5', 'Kriteria kelebihan 3 level', '2023-01-24 19:08:54', '2023-01-30 17:19:18', NULL),
(8, '-3', '2', 'Kriteria kekurangan 3 level', '2023-01-24 19:09:13', '2023-01-24 19:09:13', NULL),
(9, '4', '1.5', 'Kriteria kelebihan 4 level', '2023-01-24 19:09:35', '2023-01-30 17:19:26', NULL),
(10, '-4', '1', 'Kriteria kekurangan 4 level', '2023-01-24 19:09:53', '2023-01-24 19:09:53', NULL);

-- --------------------------------------------------------

--
-- Table structure for table `pm_pemetaan_gap`
--

CREATE TABLE `pm_pemetaan_gap` (
  `id_pemetaan_gap` bigint(20) UNSIGNED NOT NULL,
  `id_hitung` int(11) NOT NULL,
  `id_data_uji` int(11) NOT NULL,
  `id_kriteria` int(11) NOT NULL,
  `nilai_gap` varchar(255) COLLATE utf8mb4_unicode_ci NOT NULL,
  `created_at` timestamp NULL DEFAULT NULL,
  `updated_at` timestamp NULL DEFAULT NULL,
  `deleted_at` timestamp NULL DEFAULT NULL
) ENGINE=InnoDB DEFAULT CHARSET=utf8mb4 COLLATE=utf8mb4_unicode_ci;

--
-- Dumping data for table `pm_pemetaan_gap`
--

INSERT INTO `pm_pemetaan_gap` (`id_pemetaan_gap`, `id_hitung`, `id_data_uji`, `id_kriteria`, `nilai_gap`, `created_at`, `updated_at`, `deleted_at`) VALUES
(1, 6, 2, 1, '4.5', NULL, NULL, NULL),
(2, 7, 2, 1, '4.5', NULL, NULL, NULL),
(3, 7, 2, 2, '3.5', NULL, NULL, NULL),
(4, 7, 2, 3, '5', NULL, NULL, NULL),
(5, 7, 2, 4, '4', NULL, NULL, NULL),
(6, 7, 2, 5, '3', NULL, NULL, NULL),
(7, 8, 2, 1, '4.5', NULL, NULL, NULL),
(8, 8, 2, 2, '3.5', NULL, NULL, NULL),
(9, 8, 2, 3, '5', NULL, NULL, NULL),
(10, 8, 2, 4, '4', NULL, NULL, NULL),
(11, 8, 2, 5, '3', NULL, NULL, NULL),
(12, 8, 3, 1, '4.5', NULL, NULL, NULL),
(13, 8, 3, 2, '4.5', NULL, NULL, NULL),
(14, 8, 3, 3, '5', NULL, NULL, NULL),
(15, 8, 3, 4, '5', NULL, NULL, NULL),
(16, 8, 3, 5, '4', NULL, NULL, NULL),
(17, 8, 4, 1, '4', NULL, NULL, NULL),
(18, 8, 4, 2, '4.5', NULL, NULL, NULL),
(19, 8, 4, 3, '5', NULL, NULL, NULL),
(20, 8, 4, 4, '5', NULL, NULL, NULL),
(21, 8, 4, 5, '5', NULL, NULL, NULL),
(22, 8, 5, 1, '5', NULL, NULL, NULL),
(23, 8, 5, 2, '5', NULL, NULL, NULL),
(24, 8, 5, 3, '4.5', NULL, NULL, NULL),
(25, 8, 5, 4, '4.5', NULL, NULL, NULL),
(26, 8, 5, 5, '5', NULL, NULL, NULL),
(27, 8, 6, 1, '5', NULL, NULL, NULL),
(28, 8, 6, 2, '5', NULL, NULL, NULL),
(29, 8, 6, 3, '4.5', NULL, NULL, NULL),
(30, 8, 6, 4, '5', NULL, NULL, NULL),
(31, 8, 6, 5, '4.5', NULL, NULL, NULL),
(32, 9, 2, 1, '4.5', NULL, NULL, NULL),
(33, 9, 2, 2, '3.5', NULL, NULL, NULL),
(34, 9, 2, 3, '5', NULL, NULL, NULL),
(35, 9, 2, 4, '4', NULL, NULL, NULL),
(36, 9, 2, 5, '3', NULL, NULL, NULL),
(37, 9, 3, 1, '4.5', NULL, NULL, NULL),
(38, 9, 3, 2, '4.5', NULL, NULL, NULL),
(39, 9, 3, 3, '5', NULL, NULL, NULL),
(40, 9, 3, 4, '5', NULL, NULL, NULL),
(41, 9, 3, 5, '4', NULL, NULL, NULL),
(42, 9, 4, 1, '4', NULL, NULL, NULL),
(43, 9, 4, 2, '4.5', NULL, NULL, NULL),
(44, 9, 4, 3, '5', NULL, NULL, NULL),
(45, 9, 4, 4, '5', NULL, NULL, NULL),
(46, 9, 4, 5, '5', NULL, NULL, NULL),
(47, 9, 5, 1, '5', NULL, NULL, NULL),
(48, 9, 5, 2, '5', NULL, NULL, NULL),
(49, 9, 5, 3, '4.5', NULL, NULL, NULL),
(50, 9, 5, 4, '4.5', NULL, NULL, NULL),
(51, 9, 5, 5, '5', NULL, NULL, NULL),
(52, 9, 6, 1, '5', NULL, NULL, NULL),
(53, 9, 6, 2, '5', NULL, NULL, NULL),
(54, 9, 6, 3, '4.5', NULL, NULL, NULL),
(55, 9, 6, 4, '5', NULL, NULL, NULL),
(56, 9, 6, 5, '4.5', NULL, NULL, NULL),
(57, 10, 2, 1, '4.5', NULL, NULL, NULL),
(58, 10, 2, 2, '3.5', NULL, NULL, NULL),
(59, 10, 2, 3, '5', NULL, NULL, NULL),
(60, 10, 2, 4, '4', NULL, NULL, NULL),
(61, 10, 2, 5, '3', NULL, NULL, NULL),
(62, 10, 3, 1, '4.5', NULL, NULL, NULL),
(63, 10, 3, 2, '4.5', NULL, NULL, NULL),
(64, 10, 3, 3, '5', NULL, NULL, NULL),
(65, 10, 3, 4, '5', NULL, NULL, NULL),
(66, 10, 3, 5, '4', NULL, NULL, NULL),
(67, 10, 4, 1, '4', NULL, NULL, NULL),
(68, 10, 4, 2, '4.5', NULL, NULL, NULL),
(69, 10, 4, 3, '5', NULL, NULL, NULL),
(70, 10, 4, 4, '5', NULL, NULL, NULL),
(71, 10, 4, 5, '5', NULL, NULL, NULL),
(72, 10, 5, 1, '5', NULL, NULL, NULL),
(73, 10, 5, 2, '5', NULL, NULL, NULL),
(74, 10, 5, 3, '4.5', NULL, NULL, NULL),
(75, 10, 5, 4, '4.5', NULL, NULL, NULL),
(76, 10, 5, 5, '5', NULL, NULL, NULL),
(77, 10, 6, 1, '5', NULL, NULL, NULL),
(78, 10, 6, 2, '5', NULL, NULL, NULL),
(79, 10, 6, 3, '4.5', NULL, NULL, NULL),
(80, 10, 6, 4, '5', NULL, NULL, NULL),
(81, 10, 6, 5, '4.5', NULL, NULL, NULL),
(82, 11, 2, 1, '4.5', NULL, NULL, NULL),
(83, 11, 2, 2, '3.5', NULL, NULL, NULL),
(84, 11, 2, 3, '5', NULL, NULL, NULL),
(85, 11, 2, 4, '4', NULL, NULL, NULL),
(86, 11, 2, 5, '3', NULL, NULL, NULL),
(87, 11, 3, 1, '4.5', NULL, NULL, NULL),
(88, 11, 3, 2, '4.5', NULL, NULL, NULL),
(89, 11, 3, 3, '5', NULL, NULL, NULL),
(90, 11, 3, 4, '5', NULL, NULL, NULL),
(91, 11, 3, 5, '4', NULL, NULL, NULL),
(92, 11, 4, 1, '4', NULL, NULL, NULL),
(93, 11, 4, 2, '4.5', NULL, NULL, NULL),
(94, 11, 4, 3, '5', NULL, NULL, NULL),
(95, 11, 4, 4, '5', NULL, NULL, NULL),
(96, 11, 4, 5, '5', NULL, NULL, NULL),
(97, 11, 5, 1, '5', NULL, NULL, NULL),
(98, 11, 5, 2, '5', NULL, NULL, NULL),
(99, 11, 5, 3, '4.5', NULL, NULL, NULL),
(100, 11, 5, 4, '4.5', NULL, NULL, NULL),
(101, 11, 5, 5, '5', NULL, NULL, NULL),
(102, 11, 6, 1, '5', NULL, NULL, NULL),
(103, 11, 6, 2, '5', NULL, NULL, NULL),
(104, 11, 6, 3, '4.5', NULL, NULL, NULL),
(105, 11, 6, 4, '5', NULL, NULL, NULL),
(106, 11, 6, 5, '4.5', NULL, NULL, NULL),
(107, 12, 2, 1, '4.5', NULL, NULL, NULL),
(108, 12, 2, 2, '3.5', NULL, NULL, NULL),
(109, 12, 2, 3, '5', NULL, NULL, NULL),
(110, 12, 2, 4, '4', NULL, NULL, NULL),
(111, 12, 2, 5, '3', NULL, NULL, NULL),
(112, 12, 3, 1, '4.5', NULL, NULL, NULL),
(113, 12, 3, 2, '4.5', NULL, NULL, NULL),
(114, 12, 3, 3, '5', NULL, NULL, NULL),
(115, 12, 3, 4, '5', NULL, NULL, NULL),
(116, 12, 3, 5, '4', NULL, NULL, NULL),
(117, 12, 4, 1, '4', NULL, NULL, NULL),
(118, 12, 4, 2, '4.5', NULL, NULL, NULL),
(119, 12, 4, 3, '5', NULL, NULL, NULL),
(120, 12, 4, 4, '5', NULL, NULL, NULL),
(121, 12, 4, 5, '5', NULL, NULL, NULL),
(122, 12, 5, 1, '5', NULL, NULL, NULL),
(123, 12, 5, 2, '5', NULL, NULL, NULL),
(124, 12, 5, 3, '4.5', NULL, NULL, NULL),
(125, 12, 5, 4, '4.5', NULL, NULL, NULL),
(126, 12, 5, 5, '5', NULL, NULL, NULL),
(127, 12, 6, 1, '5', NULL, NULL, NULL),
(128, 12, 6, 2, '5', NULL, NULL, NULL),
(129, 12, 6, 3, '4.5', NULL, NULL, NULL),
(130, 12, 6, 4, '5', NULL, NULL, NULL),
(131, 12, 6, 5, '4.5', NULL, NULL, NULL),
(132, 13, 2, 1, '4.5', NULL, NULL, NULL),
(133, 13, 2, 2, '3.5', NULL, NULL, NULL),
(134, 13, 2, 3, '5', NULL, NULL, NULL),
(135, 13, 2, 4, '4', NULL, NULL, NULL),
(136, 13, 2, 5, '3', NULL, NULL, NULL),
(137, 13, 3, 1, '4.5', NULL, NULL, NULL),
(138, 13, 3, 2, '4.5', NULL, NULL, NULL),
(139, 13, 3, 3, '5', NULL, NULL, NULL),
(140, 13, 3, 4, '5', NULL, NULL, NULL),
(141, 13, 3, 5, '4', NULL, NULL, NULL),
(142, 13, 4, 1, '4', NULL, NULL, NULL),
(143, 13, 4, 2, '4.5', NULL, NULL, NULL),
(144, 13, 4, 3, '5', NULL, NULL, NULL),
(145, 13, 4, 4, '5', NULL, NULL, NULL),
(146, 13, 4, 5, '5', NULL, NULL, NULL),
(147, 13, 5, 1, '5', NULL, NULL, NULL),
(148, 13, 5, 2, '5', NULL, NULL, NULL),
(149, 13, 5, 3, '4.5', NULL, NULL, NULL),
(150, 13, 5, 4, '4.5', NULL, NULL, NULL),
(151, 13, 5, 5, '5', NULL, NULL, NULL),
(152, 13, 6, 1, '5', NULL, NULL, NULL),
(153, 13, 6, 2, '5', NULL, NULL, NULL),
(154, 13, 6, 3, '4.5', NULL, NULL, NULL),
(155, 13, 6, 4, '5', NULL, NULL, NULL),
(156, 13, 6, 5, '4.5', NULL, NULL, NULL),
(157, 14, 2, 1, '4.5', NULL, NULL, NULL),
(158, 14, 2, 2, '3.5', NULL, NULL, NULL),
(159, 14, 2, 3, '5', NULL, NULL, NULL),
(160, 14, 2, 4, '4', NULL, NULL, NULL),
(161, 14, 2, 5, '3', NULL, NULL, NULL),
(162, 14, 3, 1, '4.5', NULL, NULL, NULL),
(163, 14, 3, 2, '4.5', NULL, NULL, NULL),
(164, 14, 3, 3, '5', NULL, NULL, NULL),
(165, 14, 3, 4, '5', NULL, NULL, NULL),
(166, 14, 3, 5, '4', NULL, NULL, NULL),
(167, 14, 4, 1, '4', NULL, NULL, NULL),
(168, 14, 4, 2, '4.5', NULL, NULL, NULL),
(169, 14, 4, 3, '5', NULL, NULL, NULL),
(170, 14, 4, 4, '5', NULL, NULL, NULL),
(171, 14, 4, 5, '5', NULL, NULL, NULL),
(172, 14, 5, 1, '5', NULL, NULL, NULL),
(173, 14, 5, 2, '5', NULL, NULL, NULL),
(174, 14, 5, 3, '4.5', NULL, NULL, NULL),
(175, 14, 5, 4, '4.5', NULL, NULL, NULL),
(176, 14, 5, 5, '5', NULL, NULL, NULL),
(177, 14, 6, 1, '5', NULL, NULL, NULL),
(178, 14, 6, 2, '5', NULL, NULL, NULL),
(179, 14, 6, 3, '4.5', NULL, NULL, NULL),
(180, 14, 6, 4, '5', NULL, NULL, NULL),
(181, 14, 6, 5, '4.5', NULL, NULL, NULL),
(182, 15, 2, 1, '4.5', NULL, NULL, NULL),
(183, 15, 2, 2, '3.5', NULL, NULL, NULL),
(184, 15, 2, 3, '5', NULL, NULL, NULL),
(185, 15, 2, 4, '4', NULL, NULL, NULL),
(186, 15, 2, 5, '3', NULL, NULL, NULL),
(187, 15, 3, 1, '4.5', NULL, NULL, NULL),
(188, 15, 3, 2, '4.5', NULL, NULL, NULL),
(189, 15, 3, 3, '5', NULL, NULL, NULL),
(190, 15, 3, 4, '5', NULL, NULL, NULL),
(191, 15, 3, 5, '4', NULL, NULL, NULL),
(192, 15, 4, 1, '4', NULL, NULL, NULL),
(193, 15, 4, 2, '4.5', NULL, NULL, NULL),
(194, 15, 4, 3, '5', NULL, NULL, NULL),
(195, 15, 4, 4, '5', NULL, NULL, NULL),
(196, 15, 4, 5, '5', NULL, NULL, NULL),
(197, 15, 5, 1, '5', NULL, NULL, NULL),
(198, 15, 5, 2, '5', NULL, NULL, NULL),
(199, 15, 5, 3, '4.5', NULL, NULL, NULL),
(200, 15, 5, 4, '4.5', NULL, NULL, NULL),
(201, 15, 5, 5, '5', NULL, NULL, NULL),
(202, 15, 6, 1, '5', NULL, NULL, NULL),
(203, 15, 6, 2, '5', NULL, NULL, NULL),
(204, 15, 6, 3, '4.5', NULL, NULL, NULL),
(205, 15, 6, 4, '5', NULL, NULL, NULL),
(206, 15, 6, 5, '4.5', NULL, NULL, NULL),
(207, 16, 2, 1, '4.5', NULL, NULL, NULL),
(208, 16, 2, 2, '3.5', NULL, NULL, NULL),
(209, 16, 2, 3, '5', NULL, NULL, NULL),
(210, 16, 2, 4, '4', NULL, NULL, NULL),
(211, 16, 2, 5, '3', NULL, NULL, NULL),
(212, 16, 3, 1, '4.5', NULL, NULL, NULL),
(213, 16, 3, 2, '4.5', NULL, NULL, NULL),
(214, 16, 3, 3, '5', NULL, NULL, NULL),
(215, 16, 3, 4, '5', NULL, NULL, NULL),
(216, 16, 3, 5, '4', NULL, NULL, NULL),
(217, 16, 4, 1, '4', NULL, NULL, NULL),
(218, 16, 4, 2, '4.5', NULL, NULL, NULL),
(219, 16, 4, 3, '5', NULL, NULL, NULL),
(220, 16, 4, 4, '5', NULL, NULL, NULL),
(221, 16, 4, 5, '5', NULL, NULL, NULL),
(222, 16, 5, 1, '5', NULL, NULL, NULL),
(223, 16, 5, 2, '5', NULL, NULL, NULL),
(224, 16, 5, 3, '4.5', NULL, NULL, NULL),
(225, 16, 5, 4, '4.5', NULL, NULL, NULL),
(226, 16, 5, 5, '5', NULL, NULL, NULL),
(227, 16, 6, 1, '5', NULL, NULL, NULL),
(228, 16, 6, 2, '5', NULL, NULL, NULL),
(229, 16, 6, 3, '4.5', NULL, NULL, NULL),
(230, 16, 6, 4, '5', NULL, NULL, NULL),
(231, 16, 6, 5, '4.5', NULL, NULL, NULL),
(232, 17, 2, 1, '4.5', NULL, NULL, NULL),
(233, 17, 2, 2, '3.5', NULL, NULL, NULL),
(234, 17, 2, 3, '5', NULL, NULL, NULL),
(235, 17, 2, 4, '4', NULL, NULL, NULL),
(236, 17, 2, 5, '3', NULL, NULL, NULL),
(237, 17, 3, 1, '4.5', NULL, NULL, NULL),
(238, 17, 3, 2, '4.5', NULL, NULL, NULL),
(239, 17, 3, 3, '5', NULL, NULL, NULL),
(240, 17, 3, 4, '5', NULL, NULL, NULL),
(241, 17, 3, 5, '4', NULL, NULL, NULL),
(242, 17, 4, 1, '4', NULL, NULL, NULL),
(243, 17, 4, 2, '4.5', NULL, NULL, NULL),
(244, 17, 4, 3, '5', NULL, NULL, NULL),
(245, 17, 4, 4, '5', NULL, NULL, NULL),
(246, 17, 4, 5, '5', NULL, NULL, NULL),
(247, 17, 5, 1, '5', NULL, NULL, NULL),
(248, 17, 5, 2, '5', NULL, NULL, NULL),
(249, 17, 5, 3, '4.5', NULL, NULL, NULL),
(250, 17, 5, 4, '4.5', NULL, NULL, NULL),
(251, 17, 5, 5, '5', NULL, NULL, NULL),
(252, 17, 6, 1, '5', NULL, NULL, NULL),
(253, 17, 6, 2, '5', NULL, NULL, NULL),
(254, 17, 6, 3, '4.5', NULL, NULL, NULL),
(255, 17, 6, 4, '5', NULL, NULL, NULL),
(256, 17, 6, 5, '4.5', NULL, NULL, NULL),
(257, 18, 2, 1, '4.5', NULL, NULL, NULL),
(258, 18, 2, 2, '3.5', NULL, NULL, NULL),
(259, 18, 2, 3, '5', NULL, NULL, NULL),
(260, 18, 2, 4, '4', NULL, NULL, NULL),
(261, 18, 2, 5, '3', NULL, NULL, NULL),
(262, 18, 3, 1, '4.5', NULL, NULL, NULL),
(263, 18, 3, 2, '4.5', NULL, NULL, NULL),
(264, 18, 3, 3, '5', NULL, NULL, NULL),
(265, 18, 3, 4, '5', NULL, NULL, NULL),
(266, 18, 3, 5, '4', NULL, NULL, NULL),
(267, 18, 4, 1, '4', NULL, NULL, NULL),
(268, 18, 4, 2, '4.5', NULL, NULL, NULL),
(269, 18, 4, 3, '5', NULL, NULL, NULL),
(270, 18, 4, 4, '5', NULL, NULL, NULL),
(271, 18, 4, 5, '5', NULL, NULL, NULL),
(272, 18, 5, 1, '5', NULL, NULL, NULL),
(273, 18, 5, 2, '5', NULL, NULL, NULL),
(274, 18, 5, 3, '4.5', NULL, NULL, NULL),
(275, 18, 5, 4, '4.5', NULL, NULL, NULL),
(276, 18, 5, 5, '5', NULL, NULL, NULL),
(277, 18, 6, 1, '5', NULL, NULL, NULL),
(278, 18, 6, 2, '5', NULL, NULL, NULL),
(279, 18, 6, 3, '4.5', NULL, NULL, NULL),
(280, 18, 6, 4, '5', NULL, NULL, NULL),
(281, 18, 6, 5, '4.5', NULL, NULL, NULL),
(282, 19, 2, 1, '4.5', NULL, NULL, NULL),
(283, 19, 2, 2, '3.5', NULL, NULL, NULL),
(284, 19, 2, 3, '5', NULL, NULL, NULL),
(285, 19, 2, 4, '4', NULL, NULL, NULL),
(286, 19, 2, 5, '3', NULL, NULL, NULL),
(287, 19, 3, 1, '4.5', NULL, NULL, NULL),
(288, 19, 3, 2, '4.5', NULL, NULL, NULL),
(289, 19, 3, 3, '5', NULL, NULL, NULL),
(290, 19, 3, 4, '5', NULL, NULL, NULL),
(291, 19, 3, 5, '4', NULL, NULL, NULL),
(292, 19, 4, 1, '4', NULL, NULL, NULL),
(293, 19, 4, 2, '4.5', NULL, NULL, NULL),
(294, 19, 4, 3, '5', NULL, NULL, NULL),
(295, 19, 4, 4, '5', NULL, NULL, NULL),
(296, 19, 4, 5, '5', NULL, NULL, NULL),
(297, 19, 5, 1, '5', NULL, NULL, NULL),
(298, 19, 5, 2, '5', NULL, NULL, NULL),
(299, 19, 5, 3, '4.5', NULL, NULL, NULL),
(300, 19, 5, 4, '4.5', NULL, NULL, NULL),
(301, 19, 5, 5, '5', NULL, NULL, NULL),
(302, 19, 6, 1, '5', NULL, NULL, NULL),
(303, 19, 6, 2, '5', NULL, NULL, NULL),
(304, 19, 6, 3, '4.5', NULL, NULL, NULL),
(305, 19, 6, 4, '5', NULL, NULL, NULL),
(306, 19, 6, 5, '4.5', NULL, NULL, NULL),
(307, 20, 2, 1, '4.5', NULL, NULL, NULL),
(308, 20, 2, 2, '3.5', NULL, NULL, NULL),
(309, 20, 2, 3, '5', NULL, NULL, NULL),
(310, 20, 2, 4, '4', NULL, NULL, NULL),
(311, 20, 2, 5, '3', NULL, NULL, NULL),
(312, 20, 3, 1, '4.5', NULL, NULL, NULL),
(313, 20, 3, 2, '4.5', NULL, NULL, NULL),
(314, 20, 3, 3, '5', NULL, NULL, NULL),
(315, 20, 3, 4, '5', NULL, NULL, NULL),
(316, 20, 3, 5, '4', NULL, NULL, NULL),
(317, 20, 4, 1, '4', NULL, NULL, NULL),
(318, 20, 4, 2, '4.5', NULL, NULL, NULL),
(319, 20, 4, 3, '5', NULL, NULL, NULL),
(320, 20, 4, 4, '5', NULL, NULL, NULL),
(321, 20, 4, 5, '5', NULL, NULL, NULL),
(322, 20, 5, 1, '5', NULL, NULL, NULL),
(323, 20, 5, 2, '5', NULL, NULL, NULL),
(324, 20, 5, 3, '4.5', NULL, NULL, NULL),
(325, 20, 5, 4, '4.5', NULL, NULL, NULL),
(326, 20, 5, 5, '5', NULL, NULL, NULL),
(327, 20, 6, 1, '5', NULL, NULL, NULL),
(328, 20, 6, 2, '5', NULL, NULL, NULL),
(329, 20, 6, 3, '4.5', NULL, NULL, NULL),
(330, 20, 6, 4, '5', NULL, NULL, NULL),
(331, 20, 6, 5, '4.5', NULL, NULL, NULL),
(332, 21, 2, 1, '4.5', NULL, NULL, NULL),
(333, 21, 2, 2, '3.5', NULL, NULL, NULL),
(334, 21, 2, 3, '5', NULL, NULL, NULL),
(335, 21, 2, 4, '4', NULL, NULL, NULL),
(336, 21, 2, 5, '3', NULL, NULL, NULL),
(337, 21, 3, 1, '4.5', NULL, NULL, NULL),
(338, 21, 3, 2, '4.5', NULL, NULL, NULL),
(339, 21, 3, 3, '5', NULL, NULL, NULL),
(340, 21, 3, 4, '5', NULL, NULL, NULL),
(341, 21, 3, 5, '4', NULL, NULL, NULL),
(342, 21, 4, 1, '4', NULL, NULL, NULL),
(343, 21, 4, 2, '4.5', NULL, NULL, NULL),
(344, 21, 4, 3, '5', NULL, NULL, NULL),
(345, 21, 4, 4, '5', NULL, NULL, NULL),
(346, 21, 4, 5, '5', NULL, NULL, NULL),
(347, 21, 5, 1, '5', NULL, NULL, NULL),
(348, 21, 5, 2, '5', NULL, NULL, NULL),
(349, 21, 5, 3, '4.5', NULL, NULL, NULL),
(350, 21, 5, 4, '4.5', NULL, NULL, NULL),
(351, 21, 5, 5, '5', NULL, NULL, NULL),
(352, 21, 6, 1, '5', NULL, NULL, NULL),
(353, 21, 6, 2, '5', NULL, NULL, NULL),
(354, 21, 6, 3, '4.5', NULL, NULL, NULL),
(355, 21, 6, 4, '5', NULL, NULL, NULL),
(356, 21, 6, 5, '4.5', NULL, NULL, NULL),
(357, 22, 2, 1, '4.5', NULL, NULL, NULL),
(358, 22, 2, 2, '3.5', NULL, NULL, NULL),
(359, 22, 2, 3, '5', NULL, NULL, NULL),
(360, 22, 2, 4, '4', NULL, NULL, NULL),
(361, 22, 2, 5, '3', NULL, NULL, NULL),
(362, 22, 3, 1, '4.5', NULL, NULL, NULL),
(363, 22, 3, 2, '4.5', NULL, NULL, NULL),
(364, 22, 3, 3, '5', NULL, NULL, NULL),
(365, 22, 3, 4, '5', NULL, NULL, NULL),
(366, 22, 3, 5, '4', NULL, NULL, NULL),
(367, 22, 4, 1, '4', NULL, NULL, NULL),
(368, 22, 4, 2, '4.5', NULL, NULL, NULL),
(369, 22, 4, 3, '5', NULL, NULL, NULL),
(370, 22, 4, 4, '5', NULL, NULL, NULL),
(371, 22, 4, 5, '5', NULL, NULL, NULL),
(372, 22, 5, 1, '5', NULL, NULL, NULL),
(373, 22, 5, 2, '5', NULL, NULL, NULL),
(374, 22, 5, 3, '4.5', NULL, NULL, NULL),
(375, 22, 5, 4, '4.5', NULL, NULL, NULL),
(376, 22, 5, 5, '5', NULL, NULL, NULL),
(377, 22, 6, 1, '5', NULL, NULL, NULL),
(378, 22, 6, 2, '5', NULL, NULL, NULL),
(379, 22, 6, 3, '4.5', NULL, NULL, NULL),
(380, 22, 6, 4, '5', NULL, NULL, NULL),
(381, 22, 6, 5, '4.5', NULL, NULL, NULL),
(382, 23, 2, 1, '4.5', NULL, NULL, NULL),
(383, 23, 2, 2, '3.5', NULL, NULL, NULL),
(384, 23, 2, 3, '5', NULL, NULL, NULL),
(385, 23, 2, 4, '4', NULL, NULL, NULL),
(386, 23, 2, 5, '3', NULL, NULL, NULL),
(387, 23, 3, 1, '4.5', NULL, NULL, NULL),
(388, 23, 3, 2, '4.5', NULL, NULL, NULL),
(389, 23, 3, 3, '5', NULL, NULL, NULL),
(390, 23, 3, 4, '5', NULL, NULL, NULL),
(391, 23, 3, 5, '4', NULL, NULL, NULL),
(392, 23, 4, 1, '4', NULL, NULL, NULL),
(393, 23, 4, 2, '4.5', NULL, NULL, NULL),
(394, 23, 4, 3, '5', NULL, NULL, NULL),
(395, 23, 4, 4, '5', NULL, NULL, NULL),
(396, 23, 4, 5, '5', NULL, NULL, NULL),
(397, 23, 5, 1, '5', NULL, NULL, NULL),
(398, 23, 5, 2, '5', NULL, NULL, NULL),
(399, 23, 5, 3, '4.5', NULL, NULL, NULL),
(400, 23, 5, 4, '4.5', NULL, NULL, NULL),
(401, 23, 5, 5, '5', NULL, NULL, NULL),
(402, 23, 6, 1, '5', NULL, NULL, NULL),
(403, 23, 6, 2, '5', NULL, NULL, NULL),
(404, 23, 6, 3, '4.5', NULL, NULL, NULL),
(405, 23, 6, 4, '5', NULL, NULL, NULL),
(406, 23, 6, 5, '4.5', NULL, NULL, NULL),
(407, 24, 2, 1, '4.5', NULL, NULL, NULL),
(408, 24, 2, 2, '3.5', NULL, NULL, NULL),
(409, 24, 2, 3, '5', NULL, NULL, NULL),
(410, 24, 2, 4, '4', NULL, NULL, NULL),
(411, 24, 2, 5, '3', NULL, NULL, NULL),
(412, 24, 3, 1, '4.5', NULL, NULL, NULL),
(413, 24, 3, 2, '4.5', NULL, NULL, NULL),
(414, 24, 3, 3, '5', NULL, NULL, NULL),
(415, 24, 3, 4, '5', NULL, NULL, NULL),
(416, 24, 3, 5, '4', NULL, NULL, NULL),
(417, 24, 4, 1, '4', NULL, NULL, NULL),
(418, 24, 4, 2, '4.5', NULL, NULL, NULL),
(419, 24, 4, 3, '5', NULL, NULL, NULL),
(420, 24, 4, 4, '5', NULL, NULL, NULL),
(421, 24, 4, 5, '5', NULL, NULL, NULL),
(422, 24, 5, 1, '5', NULL, NULL, NULL),
(423, 24, 5, 2, '5', NULL, NULL, NULL),
(424, 24, 5, 3, '4.5', NULL, NULL, NULL),
(425, 24, 5, 4, '4.5', NULL, NULL, NULL),
(426, 24, 5, 5, '5', NULL, NULL, NULL),
(427, 24, 6, 1, '5', NULL, NULL, NULL),
(428, 24, 6, 2, '5', NULL, NULL, NULL),
(429, 24, 6, 3, '4.5', NULL, NULL, NULL),
(430, 24, 6, 4, '5', NULL, NULL, NULL),
(431, 24, 6, 5, '4.5', NULL, NULL, NULL),
(432, 25, 2, 1, '4.5', NULL, NULL, NULL),
(433, 25, 2, 2, '3.5', NULL, NULL, NULL),
(434, 25, 2, 3, '5', NULL, NULL, NULL),
(435, 25, 2, 4, '4', NULL, NULL, NULL),
(436, 25, 2, 5, '3', NULL, NULL, NULL),
(437, 25, 3, 1, '4.5', NULL, NULL, NULL),
(438, 25, 3, 2, '4.5', NULL, NULL, NULL),
(439, 25, 3, 3, '5', NULL, NULL, NULL),
(440, 25, 3, 4, '5', NULL, NULL, NULL),
(441, 25, 3, 5, '4', NULL, NULL, NULL),
(442, 25, 4, 1, '4', NULL, NULL, NULL),
(443, 25, 4, 2, '4.5', NULL, NULL, NULL),
(444, 25, 4, 3, '5', NULL, NULL, NULL),
(445, 25, 4, 4, '5', NULL, NULL, NULL),
(446, 25, 4, 5, '5', NULL, NULL, NULL),
(447, 25, 5, 1, '5', NULL, NULL, NULL),
(448, 25, 5, 2, '5', NULL, NULL, NULL),
(449, 25, 5, 3, '4.5', NULL, NULL, NULL),
(450, 25, 5, 4, '4.5', NULL, NULL, NULL),
(451, 25, 5, 5, '5', NULL, NULL, NULL),
(452, 25, 6, 1, '5', NULL, NULL, NULL),
(453, 25, 6, 2, '5', NULL, NULL, NULL),
(454, 25, 6, 3, '4.5', NULL, NULL, NULL),
(455, 25, 6, 4, '5', NULL, NULL, NULL),
(456, 25, 6, 5, '4.5', NULL, NULL, NULL),
(457, 26, 2, 1, '4.5', NULL, NULL, NULL),
(458, 26, 2, 2, '3.5', NULL, NULL, NULL),
(459, 26, 2, 3, '5', NULL, NULL, NULL),
(460, 26, 2, 4, '4', NULL, NULL, NULL),
(461, 26, 2, 5, '3', NULL, NULL, NULL),
(462, 26, 3, 1, '4.5', NULL, NULL, NULL),
(463, 26, 3, 2, '4.5', NULL, NULL, NULL),
(464, 26, 3, 3, '5', NULL, NULL, NULL),
(465, 26, 3, 4, '5', NULL, NULL, NULL),
(466, 26, 3, 5, '4', NULL, NULL, NULL),
(467, 26, 4, 1, '4', NULL, NULL, NULL),
(468, 26, 4, 2, '4.5', NULL, NULL, NULL),
(469, 26, 4, 3, '5', NULL, NULL, NULL),
(470, 26, 4, 4, '5', NULL, NULL, NULL),
(471, 26, 4, 5, '5', NULL, NULL, NULL),
(472, 26, 5, 1, '5', NULL, NULL, NULL),
(473, 26, 5, 2, '5', NULL, NULL, NULL),
(474, 26, 5, 3, '4.5', NULL, NULL, NULL),
(475, 26, 5, 4, '4.5', NULL, NULL, NULL),
(476, 26, 5, 5, '5', NULL, NULL, NULL),
(477, 26, 6, 1, '5', NULL, NULL, NULL),
(478, 26, 6, 2, '5', NULL, NULL, NULL),
(479, 26, 6, 3, '4.5', NULL, NULL, NULL),
(480, 26, 6, 4, '5', NULL, NULL, NULL),
(481, 26, 6, 5, '4.5', NULL, NULL, NULL),
(482, 27, 2, 1, '4.5', NULL, NULL, NULL),
(483, 27, 2, 2, '3.5', NULL, NULL, NULL),
(484, 27, 2, 3, '5', NULL, NULL, NULL),
(485, 27, 2, 4, '4', NULL, NULL, NULL),
(486, 27, 2, 5, '3', NULL, NULL, NULL),
(487, 27, 3, 1, '4.5', NULL, NULL, NULL),
(488, 27, 3, 2, '4.5', NULL, NULL, NULL),
(489, 27, 3, 3, '5', NULL, NULL, NULL),
(490, 27, 3, 4, '5', NULL, NULL, NULL),
(491, 27, 3, 5, '4', NULL, NULL, NULL),
(492, 27, 4, 1, '4', NULL, NULL, NULL),
(493, 27, 4, 2, '4.5', NULL, NULL, NULL),
(494, 27, 4, 3, '5', NULL, NULL, NULL),
(495, 27, 4, 4, '5', NULL, NULL, NULL),
(496, 27, 4, 5, '5', NULL, NULL, NULL),
(497, 27, 5, 1, '5', NULL, NULL, NULL),
(498, 27, 5, 2, '5', NULL, NULL, NULL),
(499, 27, 5, 3, '4.5', NULL, NULL, NULL),
(500, 27, 5, 4, '4.5', NULL, NULL, NULL),
(501, 27, 5, 5, '5', NULL, NULL, NULL),
(502, 27, 6, 1, '5', NULL, NULL, NULL),
(503, 27, 6, 2, '5', NULL, NULL, NULL),
(504, 27, 6, 3, '4.5', NULL, NULL, NULL),
(505, 27, 6, 4, '5', NULL, NULL, NULL),
(506, 27, 6, 5, '4.5', NULL, NULL, NULL),
(507, 28, 2, 1, '4.5', NULL, NULL, NULL),
(508, 28, 2, 2, '3.5', NULL, NULL, NULL),
(509, 28, 2, 3, '5', NULL, NULL, NULL),
(510, 28, 2, 4, '4', NULL, NULL, NULL),
(511, 28, 2, 5, '3', NULL, NULL, NULL),
(512, 28, 3, 1, '4.5', NULL, NULL, NULL),
(513, 28, 3, 2, '4.5', NULL, NULL, NULL),
(514, 28, 3, 3, '5', NULL, NULL, NULL),
(515, 28, 3, 4, '5', NULL, NULL, NULL),
(516, 28, 3, 5, '4', NULL, NULL, NULL),
(517, 28, 4, 1, '4', NULL, NULL, NULL),
(518, 28, 4, 2, '4.5', NULL, NULL, NULL),
(519, 28, 4, 3, '5', NULL, NULL, NULL),
(520, 28, 4, 4, '5', NULL, NULL, NULL),
(521, 28, 4, 5, '5', NULL, NULL, NULL),
(522, 28, 5, 1, '5', NULL, NULL, NULL),
(523, 28, 5, 2, '5', NULL, NULL, NULL),
(524, 28, 5, 3, '4.5', NULL, NULL, NULL),
(525, 28, 5, 4, '4.5', NULL, NULL, NULL),
(526, 28, 5, 5, '5', NULL, NULL, NULL),
(527, 28, 6, 1, '5', NULL, NULL, NULL),
(528, 28, 6, 2, '5', NULL, NULL, NULL),
(529, 28, 6, 3, '4.5', NULL, NULL, NULL),
(530, 28, 6, 4, '5', NULL, NULL, NULL),
(531, 28, 6, 5, '4.5', NULL, NULL, NULL),
(532, 29, 2, 1, '4.5', NULL, NULL, NULL),
(533, 29, 2, 2, '3.5', NULL, NULL, NULL),
(534, 29, 2, 3, '5', NULL, NULL, NULL),
(535, 29, 2, 4, '4', NULL, NULL, NULL),
(536, 29, 2, 5, '3', NULL, NULL, NULL),
(537, 29, 3, 1, '4.5', NULL, NULL, NULL),
(538, 29, 3, 2, '4.5', NULL, NULL, NULL),
(539, 29, 3, 3, '5', NULL, NULL, NULL),
(540, 29, 3, 4, '5', NULL, NULL, NULL),
(541, 29, 3, 5, '4', NULL, NULL, NULL),
(542, 29, 4, 1, '4', NULL, NULL, NULL),
(543, 29, 4, 2, '4.5', NULL, NULL, NULL),
(544, 29, 4, 3, '5', NULL, NULL, NULL),
(545, 29, 4, 4, '5', NULL, NULL, NULL),
(546, 29, 4, 5, '5', NULL, NULL, NULL),
(547, 29, 5, 1, '5', NULL, NULL, NULL),
(548, 29, 5, 2, '5', NULL, NULL, NULL),
(549, 29, 5, 3, '4.5', NULL, NULL, NULL),
(550, 29, 5, 4, '4.5', NULL, NULL, NULL),
(551, 29, 5, 5, '5', NULL, NULL, NULL),
(552, 29, 6, 1, '5', NULL, NULL, NULL),
(553, 29, 6, 2, '5', NULL, NULL, NULL),
(554, 29, 6, 3, '4.5', NULL, NULL, NULL),
(555, 29, 6, 4, '5', NULL, NULL, NULL),
(556, 29, 6, 5, '4.5', NULL, NULL, NULL),
(557, 30, 2, 1, '4.5', NULL, NULL, NULL),
(558, 30, 2, 2, '3.5', NULL, NULL, NULL),
(559, 30, 2, 3, '5', NULL, NULL, NULL),
(560, 30, 2, 4, '4', NULL, NULL, NULL),
(561, 30, 2, 5, '3', NULL, NULL, NULL),
(562, 30, 3, 1, '4.5', NULL, NULL, NULL),
(563, 30, 3, 2, '4.5', NULL, NULL, NULL),
(564, 30, 3, 3, '5', NULL, NULL, NULL),
(565, 30, 3, 4, '5', NULL, NULL, NULL),
(566, 30, 3, 5, '4', NULL, NULL, NULL),
(567, 30, 4, 1, '4', NULL, NULL, NULL),
(568, 30, 4, 2, '4.5', NULL, NULL, NULL),
(569, 30, 4, 3, '5', NULL, NULL, NULL),
(570, 30, 4, 4, '5', NULL, NULL, NULL),
(571, 30, 4, 5, '5', NULL, NULL, NULL),
(572, 30, 5, 1, '5', NULL, NULL, NULL),
(573, 30, 5, 2, '5', NULL, NULL, NULL),
(574, 30, 5, 3, '4.5', NULL, NULL, NULL),
(575, 30, 5, 4, '4.5', NULL, NULL, NULL),
(576, 30, 5, 5, '5', NULL, NULL, NULL),
(577, 30, 6, 1, '5', NULL, NULL, NULL),
(578, 30, 6, 2, '5', NULL, NULL, NULL),
(579, 30, 6, 3, '4.5', NULL, NULL, NULL),
(580, 30, 6, 4, '5', NULL, NULL, NULL),
(581, 30, 6, 5, '4.5', NULL, NULL, NULL),
(582, 31, 2, 1, '4.5', NULL, NULL, NULL),
(583, 31, 2, 2, '3.5', NULL, NULL, NULL),
(584, 31, 2, 3, '5', NULL, NULL, NULL),
(585, 31, 2, 4, '4', NULL, NULL, NULL),
(586, 31, 2, 5, '3', NULL, NULL, NULL),
(587, 31, 3, 1, '4.5', NULL, NULL, NULL),
(588, 31, 3, 2, '4.5', NULL, NULL, NULL),
(589, 31, 3, 3, '5', NULL, NULL, NULL),
(590, 31, 3, 4, '5', NULL, NULL, NULL),
(591, 31, 3, 5, '4', NULL, NULL, NULL),
(592, 31, 4, 1, '4', NULL, NULL, NULL),
(593, 31, 4, 2, '4.5', NULL, NULL, NULL),
(594, 31, 4, 3, '5', NULL, NULL, NULL),
(595, 31, 4, 4, '5', NULL, NULL, NULL),
(596, 31, 4, 5, '5', NULL, NULL, NULL),
(597, 31, 5, 1, '5', NULL, NULL, NULL),
(598, 31, 5, 2, '5', NULL, NULL, NULL),
(599, 31, 5, 3, '4.5', NULL, NULL, NULL),
(600, 31, 5, 4, '4.5', NULL, NULL, NULL),
(601, 31, 5, 5, '5', NULL, NULL, NULL),
(602, 31, 6, 1, '5', NULL, NULL, NULL),
(603, 31, 6, 2, '5', NULL, NULL, NULL),
(604, 31, 6, 3, '4.5', NULL, NULL, NULL),
(605, 31, 6, 4, '5', NULL, NULL, NULL),
(606, 31, 6, 5, '4.5', NULL, NULL, NULL),
(607, 32, 2, 1, '4.5', NULL, NULL, NULL),
(608, 32, 2, 2, '3.5', NULL, NULL, NULL),
(609, 32, 2, 3, '5', NULL, NULL, NULL),
(610, 32, 2, 4, '4', NULL, NULL, NULL),
(611, 32, 2, 5, '3', NULL, NULL, NULL),
(612, 32, 3, 1, '4.5', NULL, NULL, NULL),
(613, 32, 3, 2, '4.5', NULL, NULL, NULL),
(614, 32, 3, 3, '5', NULL, NULL, NULL),
(615, 32, 3, 4, '5', NULL, NULL, NULL),
(616, 32, 3, 5, '4', NULL, NULL, NULL),
(617, 32, 4, 1, '4', NULL, NULL, NULL),
(618, 32, 4, 2, '4.5', NULL, NULL, NULL),
(619, 32, 4, 3, '5', NULL, NULL, NULL),
(620, 32, 4, 4, '5', NULL, NULL, NULL),
(621, 32, 4, 5, '5', NULL, NULL, NULL),
(622, 32, 5, 1, '5', NULL, NULL, NULL),
(623, 32, 5, 2, '5', NULL, NULL, NULL),
(624, 32, 5, 3, '4.5', NULL, NULL, NULL),
(625, 32, 5, 4, '4.5', NULL, NULL, NULL),
(626, 32, 5, 5, '5', NULL, NULL, NULL),
(627, 32, 6, 1, '5', NULL, NULL, NULL),
(628, 32, 6, 2, '5', NULL, NULL, NULL),
(629, 32, 6, 3, '4.5', NULL, NULL, NULL),
(630, 32, 6, 4, '5', NULL, NULL, NULL),
(631, 32, 6, 5, '4.5', NULL, NULL, NULL),
(632, 33, 2, 1, '4.5', NULL, NULL, NULL),
(633, 33, 2, 2, '3.5', NULL, NULL, NULL),
(634, 33, 2, 3, '5', NULL, NULL, NULL),
(635, 33, 2, 4, '4', NULL, NULL, NULL),
(636, 33, 2, 5, '3', NULL, NULL, NULL),
(637, 33, 3, 1, '4.5', NULL, NULL, NULL),
(638, 33, 3, 2, '4.5', NULL, NULL, NULL),
(639, 33, 3, 3, '5', NULL, NULL, NULL),
(640, 33, 3, 4, '5', NULL, NULL, NULL),
(641, 33, 3, 5, '4', NULL, NULL, NULL),
(642, 33, 4, 1, '4', NULL, NULL, NULL),
(643, 33, 4, 2, '4.5', NULL, NULL, NULL),
(644, 33, 4, 3, '5', NULL, NULL, NULL),
(645, 33, 4, 4, '5', NULL, NULL, NULL),
(646, 33, 4, 5, '5', NULL, NULL, NULL),
(647, 33, 5, 1, '5', NULL, NULL, NULL),
(648, 33, 5, 2, '5', NULL, NULL, NULL),
(649, 33, 5, 3, '4.5', NULL, NULL, NULL),
(650, 33, 5, 4, '4.5', NULL, NULL, NULL),
(651, 33, 5, 5, '5', NULL, NULL, NULL),
(652, 33, 6, 1, '5', NULL, NULL, NULL),
(653, 33, 6, 2, '5', NULL, NULL, NULL),
(654, 33, 6, 3, '4.5', NULL, NULL, NULL),
(655, 33, 6, 4, '5', NULL, NULL, NULL),
(656, 33, 6, 5, '4.5', NULL, NULL, NULL),
(657, 34, 2, 1, '4.5', NULL, NULL, NULL),
(658, 34, 2, 2, '3.5', NULL, NULL, NULL),
(659, 34, 2, 3, '5', NULL, NULL, NULL),
(660, 34, 2, 4, '4', NULL, NULL, NULL),
(661, 34, 2, 5, '3', NULL, NULL, NULL),
(662, 34, 3, 1, '4.5', NULL, NULL, NULL),
(663, 34, 3, 2, '4.5', NULL, NULL, NULL),
(664, 34, 3, 3, '5', NULL, NULL, NULL),
(665, 34, 3, 4, '5', NULL, NULL, NULL),
(666, 34, 3, 5, '4', NULL, NULL, NULL),
(667, 34, 4, 1, '4', NULL, NULL, NULL),
(668, 34, 4, 2, '4.5', NULL, NULL, NULL),
(669, 34, 4, 3, '5', NULL, NULL, NULL),
(670, 34, 4, 4, '5', NULL, NULL, NULL),
(671, 34, 4, 5, '5', NULL, NULL, NULL),
(672, 34, 5, 1, '5', NULL, NULL, NULL),
(673, 34, 5, 2, '5', NULL, NULL, NULL),
(674, 34, 5, 3, '4.5', NULL, NULL, NULL),
(675, 34, 5, 4, '4.5', NULL, NULL, NULL),
(676, 34, 5, 5, '5', NULL, NULL, NULL),
(677, 34, 6, 1, '5', NULL, NULL, NULL),
(678, 34, 6, 2, '5', NULL, NULL, NULL),
(679, 34, 6, 3, '4.5', NULL, NULL, NULL),
(680, 34, 6, 4, '5', NULL, NULL, NULL),
(681, 34, 6, 5, '4.5', NULL, NULL, NULL),
(682, 35, 2, 1, '4.5', NULL, NULL, NULL),
(683, 35, 2, 2, '3.5', NULL, NULL, NULL),
(684, 35, 2, 3, '5', NULL, NULL, NULL),
(685, 35, 2, 4, '4', NULL, NULL, NULL),
(686, 35, 2, 5, '3', NULL, NULL, NULL),
(687, 35, 3, 1, '4.5', NULL, NULL, NULL),
(688, 35, 3, 2, '4.5', NULL, NULL, NULL),
(689, 35, 3, 3, '5', NULL, NULL, NULL),
(690, 35, 3, 4, '5', NULL, NULL, NULL),
(691, 35, 3, 5, '4', NULL, NULL, NULL),
(692, 35, 4, 1, '4', NULL, NULL, NULL),
(693, 35, 4, 2, '4.5', NULL, NULL, NULL),
(694, 35, 4, 3, '5', NULL, NULL, NULL),
(695, 35, 4, 4, '5', NULL, NULL, NULL),
(696, 35, 4, 5, '5', NULL, NULL, NULL),
(697, 35, 5, 1, '5', NULL, NULL, NULL),
(698, 35, 5, 2, '5', NULL, NULL, NULL),
(699, 35, 5, 3, '4.5', NULL, NULL, NULL),
(700, 35, 5, 4, '4.5', NULL, NULL, NULL),
(701, 35, 5, 5, '5', NULL, NULL, NULL),
(702, 35, 6, 1, '5', NULL, NULL, NULL),
(703, 35, 6, 2, '5', NULL, NULL, NULL),
(704, 35, 6, 3, '4.5', NULL, NULL, NULL),
(705, 35, 6, 4, '5', NULL, NULL, NULL),
(706, 35, 6, 5, '4.5', NULL, NULL, NULL),
(707, 36, 2, 1, '4.5', NULL, NULL, NULL),
(708, 36, 2, 2, '3.5', NULL, NULL, NULL),
(709, 36, 2, 3, '5', NULL, NULL, NULL),
(710, 36, 2, 4, '4', NULL, NULL, NULL),
(711, 36, 2, 5, '3', NULL, NULL, NULL),
(712, 36, 3, 1, '4.5', NULL, NULL, NULL),
(713, 36, 3, 2, '4.5', NULL, NULL, NULL),
(714, 36, 3, 3, '5', NULL, NULL, NULL),
(715, 36, 3, 4, '5', NULL, NULL, NULL),
(716, 36, 3, 5, '4', NULL, NULL, NULL),
(717, 36, 4, 1, '4', NULL, NULL, NULL),
(718, 36, 4, 2, '4.5', NULL, NULL, NULL),
(719, 36, 4, 3, '5', NULL, NULL, NULL),
(720, 36, 4, 4, '5', NULL, NULL, NULL),
(721, 36, 4, 5, '5', NULL, NULL, NULL),
(722, 36, 5, 1, '5', NULL, NULL, NULL),
(723, 36, 5, 2, '5', NULL, NULL, NULL),
(724, 36, 5, 3, '4.5', NULL, NULL, NULL),
(725, 36, 5, 4, '4.5', NULL, NULL, NULL),
(726, 36, 5, 5, '5', NULL, NULL, NULL),
(727, 36, 6, 1, '5', NULL, NULL, NULL),
(728, 36, 6, 2, '5', NULL, NULL, NULL),
(729, 36, 6, 3, '4.5', NULL, NULL, NULL),
(730, 36, 6, 4, '5', NULL, NULL, NULL),
(731, 36, 6, 5, '4.5', NULL, NULL, NULL),
(732, 37, 2, 1, '4.5', NULL, NULL, NULL),
(733, 37, 2, 2, '3.5', NULL, NULL, NULL),
(734, 37, 2, 3, '5', NULL, NULL, NULL),
(735, 37, 2, 4, '4', NULL, NULL, NULL),
(736, 37, 2, 5, '3', NULL, NULL, NULL),
(737, 37, 3, 1, '4.5', NULL, NULL, NULL),
(738, 37, 3, 2, '4.5', NULL, NULL, NULL),
(739, 37, 3, 3, '5', NULL, NULL, NULL),
(740, 37, 3, 4, '5', NULL, NULL, NULL),
(741, 37, 3, 5, '4', NULL, NULL, NULL),
(742, 37, 4, 1, '4', NULL, NULL, NULL),
(743, 37, 4, 2, '4.5', NULL, NULL, NULL),
(744, 37, 4, 3, '5', NULL, NULL, NULL),
(745, 37, 4, 4, '5', NULL, NULL, NULL),
(746, 37, 4, 5, '5', NULL, NULL, NULL),
(747, 37, 5, 1, '5', NULL, NULL, NULL),
(748, 37, 5, 2, '5', NULL, NULL, NULL),
(749, 37, 5, 3, '4.5', NULL, NULL, NULL),
(750, 37, 5, 4, '4.5', NULL, NULL, NULL),
(751, 37, 5, 5, '5', NULL, NULL, NULL),
(752, 37, 6, 1, '5', NULL, NULL, NULL),
(753, 37, 6, 2, '5', NULL, NULL, NULL),
(754, 37, 6, 3, '4.5', NULL, NULL, NULL),
(755, 37, 6, 4, '5', NULL, NULL, NULL),
(756, 37, 6, 5, '4.5', NULL, NULL, NULL),
(757, 38, 2, 1, '4.5', NULL, NULL, NULL),
(758, 38, 2, 2, '3.5', NULL, NULL, NULL),
(759, 38, 2, 3, '5', NULL, NULL, NULL),
(760, 38, 2, 4, '4', NULL, NULL, NULL),
(761, 38, 2, 5, '3', NULL, NULL, NULL),
(762, 38, 3, 1, '4.5', NULL, NULL, NULL),
(763, 38, 3, 2, '4.5', NULL, NULL, NULL),
(764, 38, 3, 3, '5', NULL, NULL, NULL),
(765, 38, 3, 4, '5', NULL, NULL, NULL),
(766, 38, 3, 5, '4', NULL, NULL, NULL),
(767, 38, 4, 1, '4', NULL, NULL, NULL),
(768, 38, 4, 2, '4.5', NULL, NULL, NULL),
(769, 38, 4, 3, '5', NULL, NULL, NULL),
(770, 38, 4, 4, '5', NULL, NULL, NULL),
(771, 38, 4, 5, '5', NULL, NULL, NULL),
(772, 38, 5, 1, '5', NULL, NULL, NULL),
(773, 38, 5, 2, '5', NULL, NULL, NULL),
(774, 38, 5, 3, '4.5', NULL, NULL, NULL),
(775, 38, 5, 4, '4.5', NULL, NULL, NULL),
(776, 38, 5, 5, '5', NULL, NULL, NULL),
(777, 38, 6, 1, '5', NULL, NULL, NULL),
(778, 38, 6, 2, '5', NULL, NULL, NULL),
(779, 38, 6, 3, '4.5', NULL, NULL, NULL),
(780, 38, 6, 4, '5', NULL, NULL, NULL),
(781, 38, 6, 5, '4.5', NULL, NULL, NULL),
(782, 39, 2, 1, '4.5', NULL, NULL, NULL),
(783, 39, 2, 2, '3.5', NULL, NULL, NULL),
(784, 39, 2, 3, '5', NULL, NULL, NULL),
(785, 39, 2, 4, '4', NULL, NULL, NULL),
(786, 39, 2, 5, '3', NULL, NULL, NULL),
(787, 39, 3, 1, '4.5', NULL, NULL, NULL),
(788, 39, 3, 2, '4.5', NULL, NULL, NULL),
(789, 39, 3, 3, '5', NULL, NULL, NULL),
(790, 39, 3, 4, '5', NULL, NULL, NULL),
(791, 39, 3, 5, '4', NULL, NULL, NULL),
(792, 39, 4, 1, '4', NULL, NULL, NULL),
(793, 39, 4, 2, '4.5', NULL, NULL, NULL),
(794, 39, 4, 3, '5', NULL, NULL, NULL),
(795, 39, 4, 4, '5', NULL, NULL, NULL),
(796, 39, 4, 5, '5', NULL, NULL, NULL),
(797, 39, 5, 1, '5', NULL, NULL, NULL),
(798, 39, 5, 2, '5', NULL, NULL, NULL),
(799, 39, 5, 3, '4.5', NULL, NULL, NULL),
(800, 39, 5, 4, '4.5', NULL, NULL, NULL),
(801, 39, 5, 5, '5', NULL, NULL, NULL),
(802, 39, 6, 1, '5', NULL, NULL, NULL),
(803, 39, 6, 2, '5', NULL, NULL, NULL),
(804, 39, 6, 3, '4.5', NULL, NULL, NULL),
(805, 39, 6, 4, '5', NULL, NULL, NULL),
(806, 39, 6, 5, '4.5', NULL, NULL, NULL),
(807, 40, 2, 1, '4.5', NULL, NULL, NULL),
(808, 40, 2, 2, '3.5', NULL, NULL, NULL),
(809, 40, 2, 3, '5', NULL, NULL, NULL),
(810, 40, 2, 4, '4', NULL, NULL, NULL),
(811, 40, 2, 5, '3', NULL, NULL, NULL),
(812, 40, 3, 1, '4.5', NULL, NULL, NULL),
(813, 40, 3, 2, '4.5', NULL, NULL, NULL),
(814, 40, 3, 3, '5', NULL, NULL, NULL),
(815, 40, 3, 4, '5', NULL, NULL, NULL),
(816, 40, 3, 5, '4', NULL, NULL, NULL),
(817, 40, 4, 1, '4', NULL, NULL, NULL),
(818, 40, 4, 2, '4.5', NULL, NULL, NULL),
(819, 40, 4, 3, '5', NULL, NULL, NULL),
(820, 40, 4, 4, '5', NULL, NULL, NULL),
(821, 40, 4, 5, '5', NULL, NULL, NULL),
(822, 40, 5, 1, '5', NULL, NULL, NULL),
(823, 40, 5, 2, '5', NULL, NULL, NULL),
(824, 40, 5, 3, '4.5', NULL, NULL, NULL),
(825, 40, 5, 4, '4.5', NULL, NULL, NULL),
(826, 40, 5, 5, '5', NULL, NULL, NULL),
(827, 40, 6, 1, '5', NULL, NULL, NULL),
(828, 40, 6, 2, '5', NULL, NULL, NULL),
(829, 40, 6, 3, '4.5', NULL, NULL, NULL),
(830, 40, 6, 4, '5', NULL, NULL, NULL),
(831, 40, 6, 5, '4.5', NULL, NULL, NULL),
(832, 41, 2, 1, '4.5', NULL, NULL, NULL),
(833, 41, 2, 2, '3.5', NULL, NULL, NULL),
(834, 41, 2, 3, '5', NULL, NULL, NULL),
(835, 41, 2, 4, '4', NULL, NULL, NULL),
(836, 41, 2, 5, '3', NULL, NULL, NULL),
(837, 41, 3, 1, '4.5', NULL, NULL, NULL),
(838, 41, 3, 2, '4.5', NULL, NULL, NULL),
(839, 41, 3, 3, '5', NULL, NULL, NULL),
(840, 41, 3, 4, '5', NULL, NULL, NULL),
(841, 41, 3, 5, '4', NULL, NULL, NULL),
(842, 41, 4, 1, '4', NULL, NULL, NULL),
(843, 41, 4, 2, '4.5', NULL, NULL, NULL),
(844, 41, 4, 3, '5', NULL, NULL, NULL),
(845, 41, 4, 4, '5', NULL, NULL, NULL),
(846, 41, 4, 5, '5', NULL, NULL, NULL),
(847, 41, 5, 1, '5', NULL, NULL, NULL),
(848, 41, 5, 2, '5', NULL, NULL, NULL),
(849, 41, 5, 3, '4.5', NULL, NULL, NULL),
(850, 41, 5, 4, '4.5', NULL, NULL, NULL),
(851, 41, 5, 5, '5', NULL, NULL, NULL),
(852, 41, 6, 1, '5', NULL, NULL, NULL),
(853, 41, 6, 2, '5', NULL, NULL, NULL),
(854, 41, 6, 3, '4.5', NULL, NULL, NULL),
(855, 41, 6, 4, '5', NULL, NULL, NULL),
(856, 41, 6, 5, '4.5', NULL, NULL, NULL),
(857, 42, 2, 1, '4.5', NULL, NULL, NULL),
(858, 42, 2, 2, '3.5', NULL, NULL, NULL),
(859, 42, 2, 3, '5', NULL, NULL, NULL),
(860, 42, 2, 4, '4', NULL, NULL, NULL),
(861, 42, 2, 5, '3', NULL, NULL, NULL),
(862, 42, 3, 1, '4.5', NULL, NULL, NULL),
(863, 42, 3, 2, '4.5', NULL, NULL, NULL),
(864, 42, 3, 3, '5', NULL, NULL, NULL),
(865, 42, 3, 4, '5', NULL, NULL, NULL),
(866, 42, 3, 5, '4', NULL, NULL, NULL),
(867, 42, 4, 1, '4', NULL, NULL, NULL),
(868, 42, 4, 2, '4.5', NULL, NULL, NULL),
(869, 42, 4, 3, '5', NULL, NULL, NULL),
(870, 42, 4, 4, '5', NULL, NULL, NULL),
(871, 42, 4, 5, '5', NULL, NULL, NULL),
(872, 42, 5, 1, '5', NULL, NULL, NULL),
(873, 42, 5, 2, '5', NULL, NULL, NULL),
(874, 42, 5, 3, '4.5', NULL, NULL, NULL),
(875, 42, 5, 4, '4.5', NULL, NULL, NULL),
(876, 42, 5, 5, '5', NULL, NULL, NULL),
(877, 42, 6, 1, '5', NULL, NULL, NULL),
(878, 42, 6, 2, '5', NULL, NULL, NULL),
(879, 42, 6, 3, '4.5', NULL, NULL, NULL),
(880, 42, 6, 4, '5', NULL, NULL, NULL),
(881, 42, 6, 5, '4.5', NULL, NULL, NULL),
(882, 43, 2, 1, '4.5', NULL, NULL, NULL),
(883, 43, 2, 2, '3.5', NULL, NULL, NULL),
(884, 43, 2, 3, '5', NULL, NULL, NULL),
(885, 43, 2, 4, '4', NULL, NULL, NULL),
(886, 43, 2, 5, '3', NULL, NULL, NULL),
(887, 43, 3, 1, '4.5', NULL, NULL, NULL),
(888, 43, 3, 2, '4.5', NULL, NULL, NULL),
(889, 43, 3, 3, '5', NULL, NULL, NULL),
(890, 43, 3, 4, '5', NULL, NULL, NULL),
(891, 43, 3, 5, '4', NULL, NULL, NULL),
(892, 43, 4, 1, '4', NULL, NULL, NULL),
(893, 43, 4, 2, '4.5', NULL, NULL, NULL),
(894, 43, 4, 3, '5', NULL, NULL, NULL),
(895, 43, 4, 4, '5', NULL, NULL, NULL),
(896, 43, 4, 5, '5', NULL, NULL, NULL),
(897, 43, 5, 1, '5', NULL, NULL, NULL),
(898, 43, 5, 2, '5', NULL, NULL, NULL),
(899, 43, 5, 3, '4.5', NULL, NULL, NULL),
(900, 43, 5, 4, '4.5', NULL, NULL, NULL),
(901, 43, 5, 5, '5', NULL, NULL, NULL),
(902, 43, 6, 1, '5', NULL, NULL, NULL),
(903, 43, 6, 2, '5', NULL, NULL, NULL),
(904, 43, 6, 3, '4.5', NULL, NULL, NULL),
(905, 43, 6, 4, '5', NULL, NULL, NULL),
(906, 43, 6, 5, '4.5', NULL, NULL, NULL),
(907, 44, 2, 1, '4.5', NULL, NULL, NULL),
(908, 44, 2, 2, '3.5', NULL, NULL, NULL),
(909, 44, 2, 3, '5', NULL, NULL, NULL),
(910, 44, 2, 4, '4', NULL, NULL, NULL),
(911, 44, 2, 5, '3', NULL, NULL, NULL),
(912, 44, 3, 1, '4.5', NULL, NULL, NULL),
(913, 44, 3, 2, '4.5', NULL, NULL, NULL),
(914, 44, 3, 3, '5', NULL, NULL, NULL),
(915, 44, 3, 4, '5', NULL, NULL, NULL),
(916, 44, 3, 5, '4', NULL, NULL, NULL),
(917, 44, 4, 1, '4', NULL, NULL, NULL),
(918, 44, 4, 2, '4.5', NULL, NULL, NULL),
(919, 44, 4, 3, '5', NULL, NULL, NULL),
(920, 44, 4, 4, '5', NULL, NULL, NULL),
(921, 44, 4, 5, '5', NULL, NULL, NULL),
(922, 44, 5, 1, '5', NULL, NULL, NULL),
(923, 44, 5, 2, '5', NULL, NULL, NULL),
(924, 44, 5, 3, '4.5', NULL, NULL, NULL),
(925, 44, 5, 4, '4.5', NULL, NULL, NULL),
(926, 44, 5, 5, '5', NULL, NULL, NULL),
(927, 44, 6, 1, '5', NULL, NULL, NULL),
(928, 44, 6, 2, '5', NULL, NULL, NULL),
(929, 44, 6, 3, '4.5', NULL, NULL, NULL),
(930, 44, 6, 4, '5', NULL, NULL, NULL),
(931, 44, 6, 5, '4.5', NULL, NULL, NULL),
(932, 45, 2, 1, '4.5', NULL, NULL, NULL),
(933, 45, 2, 2, '3.5', NULL, NULL, NULL),
(934, 45, 2, 3, '5', NULL, NULL, NULL),
(935, 45, 2, 4, '4', NULL, NULL, NULL),
(936, 45, 2, 5, '3', NULL, NULL, NULL),
(937, 45, 3, 1, '4.5', NULL, NULL, NULL),
(938, 45, 3, 2, '4.5', NULL, NULL, NULL),
(939, 45, 3, 3, '5', NULL, NULL, NULL),
(940, 45, 3, 4, '5', NULL, NULL, NULL),
(941, 45, 3, 5, '4', NULL, NULL, NULL),
(942, 45, 4, 1, '4', NULL, NULL, NULL),
(943, 45, 4, 2, '4.5', NULL, NULL, NULL),
(944, 45, 4, 3, '5', NULL, NULL, NULL),
(945, 45, 4, 4, '5', NULL, NULL, NULL),
(946, 45, 4, 5, '5', NULL, NULL, NULL),
(947, 45, 5, 1, '5', NULL, NULL, NULL),
(948, 45, 5, 2, '5', NULL, NULL, NULL),
(949, 45, 5, 3, '4.5', NULL, NULL, NULL),
(950, 45, 5, 4, '4.5', NULL, NULL, NULL),
(951, 45, 5, 5, '5', NULL, NULL, NULL),
(952, 45, 6, 1, '5', NULL, NULL, NULL),
(953, 45, 6, 2, '5', NULL, NULL, NULL),
(954, 45, 6, 3, '4.5', NULL, NULL, NULL),
(955, 45, 6, 4, '5', NULL, NULL, NULL),
(956, 45, 6, 5, '4.5', NULL, NULL, NULL),
(957, 46, 2, 1, '4.5', NULL, NULL, NULL),
(958, 46, 2, 2, '3.5', NULL, NULL, NULL),
(959, 46, 2, 3, '5', NULL, NULL, NULL),
(960, 46, 2, 4, '4', NULL, NULL, NULL),
(961, 46, 2, 5, '3', NULL, NULL, NULL),
(962, 46, 3, 1, '4.5', NULL, NULL, NULL),
(963, 46, 3, 2, '4.5', NULL, NULL, NULL),
(964, 46, 3, 3, '5', NULL, NULL, NULL),
(965, 46, 3, 4, '5', NULL, NULL, NULL),
(966, 46, 3, 5, '4', NULL, NULL, NULL),
(967, 46, 4, 1, '4', NULL, NULL, NULL),
(968, 46, 4, 2, '4.5', NULL, NULL, NULL),
(969, 46, 4, 3, '5', NULL, NULL, NULL),
(970, 46, 4, 4, '5', NULL, NULL, NULL),
(971, 46, 4, 5, '5', NULL, NULL, NULL),
(972, 46, 5, 1, '5', NULL, NULL, NULL),
(973, 46, 5, 2, '5', NULL, NULL, NULL),
(974, 46, 5, 3, '4.5', NULL, NULL, NULL),
(975, 46, 5, 4, '4.5', NULL, NULL, NULL),
(976, 46, 5, 5, '5', NULL, NULL, NULL),
(977, 46, 6, 1, '5', NULL, NULL, NULL),
(978, 46, 6, 2, '5', NULL, NULL, NULL),
(979, 46, 6, 3, '4.5', NULL, NULL, NULL),
(980, 46, 6, 4, '5', NULL, NULL, NULL),
(981, 46, 6, 5, '4.5', NULL, NULL, NULL),
(982, 47, 2, 1, '4.5', NULL, NULL, NULL),
(983, 47, 2, 2, '3.5', NULL, NULL, NULL),
(984, 47, 2, 3, '5', NULL, NULL, NULL),
(985, 47, 2, 4, '4', NULL, NULL, NULL),
(986, 47, 2, 5, '3', NULL, NULL, NULL),
(987, 47, 3, 1, '4.5', NULL, NULL, NULL),
(988, 47, 3, 2, '4.5', NULL, NULL, NULL),
(989, 47, 3, 3, '5', NULL, NULL, NULL),
(990, 47, 3, 4, '5', NULL, NULL, NULL),
(991, 47, 3, 5, '4', NULL, NULL, NULL),
(992, 47, 4, 1, '4', NULL, NULL, NULL),
(993, 47, 4, 2, '4.5', NULL, NULL, NULL),
(994, 47, 4, 3, '5', NULL, NULL, NULL),
(995, 47, 4, 4, '5', NULL, NULL, NULL),
(996, 47, 4, 5, '5', NULL, NULL, NULL),
(997, 47, 5, 1, '5', NULL, NULL, NULL),
(998, 47, 5, 2, '5', NULL, NULL, NULL),
(999, 47, 5, 3, '4.5', NULL, NULL, NULL),
(1000, 47, 5, 4, '4.5', NULL, NULL, NULL),
(1001, 47, 5, 5, '5', NULL, NULL, NULL),
(1002, 47, 6, 1, '5', NULL, NULL, NULL),
(1003, 47, 6, 2, '5', NULL, NULL, NULL),
(1004, 47, 6, 3, '4.5', NULL, NULL, NULL),
(1005, 47, 6, 4, '5', NULL, NULL, NULL),
(1006, 47, 6, 5, '4.5', NULL, NULL, NULL),
(1007, 48, 2, 1, '4.5', NULL, NULL, NULL),
(1008, 48, 2, 2, '3.5', NULL, NULL, NULL),
(1009, 48, 2, 3, '5', NULL, NULL, NULL),
(1010, 48, 2, 4, '4', NULL, NULL, NULL),
(1011, 48, 2, 5, '3', NULL, NULL, NULL),
(1012, 48, 3, 1, '4.5', NULL, NULL, NULL),
(1013, 48, 3, 2, '4.5', NULL, NULL, NULL),
(1014, 48, 3, 3, '5', NULL, NULL, NULL),
(1015, 48, 3, 4, '5', NULL, NULL, NULL),
(1016, 48, 3, 5, '4', NULL, NULL, NULL),
(1017, 48, 4, 1, '4', NULL, NULL, NULL),
(1018, 48, 4, 2, '4.5', NULL, NULL, NULL),
(1019, 48, 4, 3, '5', NULL, NULL, NULL),
(1020, 48, 4, 4, '5', NULL, NULL, NULL),
(1021, 48, 4, 5, '5', NULL, NULL, NULL),
(1022, 48, 5, 1, '5', NULL, NULL, NULL),
(1023, 48, 5, 2, '5', NULL, NULL, NULL),
(1024, 48, 5, 3, '4.5', NULL, NULL, NULL),
(1025, 48, 5, 4, '4.5', NULL, NULL, NULL),
(1026, 48, 5, 5, '5', NULL, NULL, NULL),
(1027, 48, 6, 1, '5', NULL, NULL, NULL),
(1028, 48, 6, 2, '5', NULL, NULL, NULL),
(1029, 48, 6, 3, '4.5', NULL, NULL, NULL),
(1030, 48, 6, 4, '5', NULL, NULL, NULL),
(1031, 48, 6, 5, '4.5', NULL, NULL, NULL),
(1032, 49, 2, 1, '4.5', NULL, NULL, NULL),
(1033, 49, 2, 2, '3.5', NULL, NULL, NULL),
(1034, 49, 2, 3, '5', NULL, NULL, NULL),
(1035, 49, 2, 4, '4', NULL, NULL, NULL),
(1036, 49, 2, 5, '3', NULL, NULL, NULL),
(1037, 49, 3, 1, '4.5', NULL, NULL, NULL),
(1038, 49, 3, 2, '4.5', NULL, NULL, NULL),
(1039, 49, 3, 3, '5', NULL, NULL, NULL),
(1040, 49, 3, 4, '5', NULL, NULL, NULL),
(1041, 49, 3, 5, '4', NULL, NULL, NULL),
(1042, 49, 4, 1, '4', NULL, NULL, NULL),
(1043, 49, 4, 2, '4.5', NULL, NULL, NULL),
(1044, 49, 4, 3, '5', NULL, NULL, NULL),
(1045, 49, 4, 4, '5', NULL, NULL, NULL),
(1046, 49, 4, 5, '5', NULL, NULL, NULL),
(1047, 49, 5, 1, '5', NULL, NULL, NULL),
(1048, 49, 5, 2, '5', NULL, NULL, NULL),
(1049, 49, 5, 3, '4.5', NULL, NULL, NULL),
(1050, 49, 5, 4, '4.5', NULL, NULL, NULL),
(1051, 49, 5, 5, '5', NULL, NULL, NULL),
(1052, 49, 6, 1, '5', NULL, NULL, NULL),
(1053, 49, 6, 2, '5', NULL, NULL, NULL),
(1054, 49, 6, 3, '4.5', NULL, NULL, NULL),
(1055, 49, 6, 4, '5', NULL, NULL, NULL),
(1056, 49, 6, 5, '4.5', NULL, NULL, NULL),
(1057, 50, 2, 1, '4.5', NULL, NULL, NULL),
(1058, 50, 2, 2, '3.5', NULL, NULL, NULL),
(1059, 50, 2, 3, '5', NULL, NULL, NULL),
(1060, 50, 2, 4, '4', NULL, NULL, NULL),
(1061, 50, 2, 5, '3', NULL, NULL, NULL),
(1062, 50, 3, 1, '4.5', NULL, NULL, NULL),
(1063, 50, 3, 2, '4.5', NULL, NULL, NULL),
(1064, 50, 3, 3, '5', NULL, NULL, NULL),
(1065, 50, 3, 4, '5', NULL, NULL, NULL),
(1066, 50, 3, 5, '4', NULL, NULL, NULL),
(1067, 50, 4, 1, '4', NULL, NULL, NULL),
(1068, 50, 4, 2, '4.5', NULL, NULL, NULL),
(1069, 50, 4, 3, '5', NULL, NULL, NULL),
(1070, 50, 4, 4, '5', NULL, NULL, NULL),
(1071, 50, 4, 5, '5', NULL, NULL, NULL),
(1072, 50, 5, 1, '5', NULL, NULL, NULL),
(1073, 50, 5, 2, '5', NULL, NULL, NULL),
(1074, 50, 5, 3, '4.5', NULL, NULL, NULL),
(1075, 50, 5, 4, '4.5', NULL, NULL, NULL),
(1076, 50, 5, 5, '5', NULL, NULL, NULL),
(1077, 50, 6, 1, '5', NULL, NULL, NULL),
(1078, 50, 6, 2, '5', NULL, NULL, NULL),
(1079, 50, 6, 3, '4.5', NULL, NULL, NULL),
(1080, 50, 6, 4, '5', NULL, NULL, NULL),
(1081, 50, 6, 5, '4.5', NULL, NULL, NULL),
(1082, 51, 2, 1, '4.5', NULL, NULL, NULL),
(1083, 51, 2, 2, '3.5', NULL, NULL, NULL),
(1084, 51, 2, 3, '5', NULL, NULL, NULL),
(1085, 51, 2, 4, '4', NULL, NULL, NULL),
(1086, 51, 2, 5, '3', NULL, NULL, NULL),
(1087, 51, 3, 1, '4.5', NULL, NULL, NULL),
(1088, 51, 3, 2, '4.5', NULL, NULL, NULL),
(1089, 51, 3, 3, '5', NULL, NULL, NULL),
(1090, 51, 3, 4, '5', NULL, NULL, NULL),
(1091, 51, 3, 5, '4', NULL, NULL, NULL),
(1092, 51, 4, 1, '4', NULL, NULL, NULL),
(1093, 51, 4, 2, '4.5', NULL, NULL, NULL),
(1094, 51, 4, 3, '5', NULL, NULL, NULL),
(1095, 51, 4, 4, '5', NULL, NULL, NULL),
(1096, 51, 4, 5, '5', NULL, NULL, NULL),
(1097, 51, 5, 1, '5', NULL, NULL, NULL),
(1098, 51, 5, 2, '5', NULL, NULL, NULL),
(1099, 51, 5, 3, '4.5', NULL, NULL, NULL),
(1100, 51, 5, 4, '4.5', NULL, NULL, NULL),
(1101, 51, 5, 5, '5', NULL, NULL, NULL),
(1102, 51, 6, 1, '5', NULL, NULL, NULL),
(1103, 51, 6, 2, '5', NULL, NULL, NULL),
(1104, 51, 6, 3, '4.5', NULL, NULL, NULL),
(1105, 51, 6, 4, '5', NULL, NULL, NULL),
(1106, 51, 6, 5, '4.5', NULL, NULL, NULL),
(1107, 52, 2, 1, '4.5', NULL, NULL, NULL),
(1108, 52, 2, 2, '3.5', NULL, NULL, NULL),
(1109, 52, 2, 3, '5', NULL, NULL, NULL),
(1110, 52, 2, 4, '4', NULL, NULL, NULL),
(1111, 52, 2, 5, '3', NULL, NULL, NULL),
(1112, 52, 3, 1, '4.5', NULL, NULL, NULL),
(1113, 52, 3, 2, '4.5', NULL, NULL, NULL),
(1114, 52, 3, 3, '5', NULL, NULL, NULL),
(1115, 52, 3, 4, '5', NULL, NULL, NULL),
(1116, 52, 3, 5, '4', NULL, NULL, NULL),
(1117, 52, 4, 1, '4', NULL, NULL, NULL),
(1118, 52, 4, 2, '4.5', NULL, NULL, NULL),
(1119, 52, 4, 3, '5', NULL, NULL, NULL),
(1120, 52, 4, 4, '5', NULL, NULL, NULL),
(1121, 52, 4, 5, '5', NULL, NULL, NULL),
(1122, 52, 5, 1, '5', NULL, NULL, NULL),
(1123, 52, 5, 2, '5', NULL, NULL, NULL),
(1124, 52, 5, 3, '4.5', NULL, NULL, NULL),
(1125, 52, 5, 4, '4.5', NULL, NULL, NULL),
(1126, 52, 5, 5, '5', NULL, NULL, NULL),
(1127, 52, 6, 1, '5', NULL, NULL, NULL),
(1128, 52, 6, 2, '5', NULL, NULL, NULL),
(1129, 52, 6, 3, '4.5', NULL, NULL, NULL),
(1130, 52, 6, 4, '5', NULL, NULL, NULL),
(1131, 52, 6, 5, '4.5', NULL, NULL, NULL),
(1132, 53, 2, 1, '4.5', NULL, NULL, NULL),
(1133, 53, 2, 2, '3.5', NULL, NULL, NULL),
(1134, 53, 2, 3, '5', NULL, NULL, NULL),
(1135, 53, 2, 4, '4', NULL, NULL, NULL),
(1136, 53, 2, 5, '3', NULL, NULL, NULL),
(1137, 53, 3, 1, '4.5', NULL, NULL, NULL),
(1138, 53, 3, 2, '4.5', NULL, NULL, NULL),
(1139, 53, 3, 3, '5', NULL, NULL, NULL),
(1140, 53, 3, 4, '5', NULL, NULL, NULL),
(1141, 53, 3, 5, '4', NULL, NULL, NULL),
(1142, 53, 4, 1, '4', NULL, NULL, NULL),
(1143, 53, 4, 2, '4.5', NULL, NULL, NULL),
(1144, 53, 4, 3, '5', NULL, NULL, NULL),
(1145, 53, 4, 4, '5', NULL, NULL, NULL),
(1146, 53, 4, 5, '5', NULL, NULL, NULL),
(1147, 53, 5, 1, '5', NULL, NULL, NULL),
(1148, 53, 5, 2, '5', NULL, NULL, NULL),
(1149, 53, 5, 3, '4.5', NULL, NULL, NULL),
(1150, 53, 5, 4, '4.5', NULL, NULL, NULL),
(1151, 53, 5, 5, '5', NULL, NULL, NULL),
(1152, 53, 6, 1, '5', NULL, NULL, NULL),
(1153, 53, 6, 2, '5', NULL, NULL, NULL),
(1154, 53, 6, 3, '4.5', NULL, NULL, NULL),
(1155, 53, 6, 4, '5', NULL, NULL, NULL),
(1156, 53, 6, 5, '4.5', NULL, NULL, NULL);

-- --------------------------------------------------------

--
-- Table structure for table `pm_value_data_uji`
--

CREATE TABLE `pm_value_data_uji` (
  `id_value_data_uji` bigint(20) UNSIGNED NOT NULL,
  `id_data_uji` int(11) NOT NULL,
  `id_kriteria` int(11) NOT NULL,
  `nilai_data_uji` varchar(255) COLLATE utf8mb4_unicode_ci NOT NULL,
  `created_at` timestamp NULL DEFAULT NULL,
  `updated_at` timestamp NULL DEFAULT NULL,
  `deleted_at` timestamp NULL DEFAULT NULL
) ENGINE=InnoDB DEFAULT CHARSET=utf8mb4 COLLATE=utf8mb4_unicode_ci;

--
-- Dumping data for table `pm_value_data_uji`
--

INSERT INTO `pm_value_data_uji` (`id_value_data_uji`, `id_data_uji`, `id_kriteria`, `nilai_data_uji`, `created_at`, `updated_at`, `deleted_at`) VALUES
(1, 2, 1, '4', NULL, NULL, NULL),
(2, 2, 2, '4', NULL, NULL, NULL),
(3, 2, 3, '2', NULL, NULL, NULL),
(4, 2, 4, '1', NULL, NULL, NULL),
(5, 2, 5, '1', NULL, NULL, NULL),
(6, 3, 1, '4', NULL, NULL, NULL),
(7, 3, 2, '3', NULL, NULL, NULL),
(8, 3, 3, '2', NULL, NULL, NULL),
(9, 3, 4, '2', NULL, NULL, NULL),
(10, 3, 5, '2', NULL, NULL, NULL),
(11, 4, 1, '2', NULL, NULL, NULL),
(12, 4, 2, '3', NULL, NULL, NULL),
(13, 4, 3, '2', NULL, NULL, NULL),
(14, 4, 4, '2', NULL, NULL, NULL),
(15, 4, 5, '3', NULL, NULL, NULL),
(16, 5, 1, '3', NULL, NULL, NULL),
(17, 5, 2, '2', NULL, NULL, NULL),
(18, 5, 3, '3', NULL, NULL, NULL),
(19, 5, 4, '3', NULL, NULL, NULL),
(20, 5, 5, '3', NULL, NULL, NULL),
(21, 6, 1, '3', NULL, NULL, NULL),
(22, 6, 2, '2', NULL, NULL, NULL),
(23, 6, 3, '3', NULL, NULL, NULL),
(24, 6, 4, '2', NULL, NULL, NULL),
(25, 6, 5, '4', NULL, NULL, NULL);

-- --------------------------------------------------------

--
-- Table structure for table `users`
--

CREATE TABLE `users` (
  `id` bigint(20) UNSIGNED NOT NULL,
  `name` varchar(255) COLLATE utf8mb4_unicode_ci NOT NULL,
  `email` varchar(255) COLLATE utf8mb4_unicode_ci NOT NULL,
  `email_verified_at` timestamp NULL DEFAULT NULL,
  `password` varchar(255) COLLATE utf8mb4_unicode_ci NOT NULL,
  `remember_token` varchar(100) COLLATE utf8mb4_unicode_ci DEFAULT NULL,
  `created_at` timestamp NULL DEFAULT NULL,
  `updated_at` timestamp NULL DEFAULT NULL
) ENGINE=InnoDB DEFAULT CHARSET=utf8mb4 COLLATE=utf8mb4_unicode_ci;

--
-- Dumping data for table `users`
--

INSERT INTO `users` (`id`, `name`, `email`, `email_verified_at`, `password`, `remember_token`, `created_at`, `updated_at`) VALUES
(1, 'admin', 'admin@gmail.com', NULL, '$2y$10$S7NliKL1t5tf5/RSYlhCK.3pXff45t/M0t2NV6fM0a6pbt4EN/7By', NULL, '2023-02-24 20:24:44', '2023-02-24 20:24:44');

--
-- Indexes for dumped tables
--

--
-- Indexes for table `failed_jobs`
--
ALTER TABLE `failed_jobs`
  ADD PRIMARY KEY (`id`),
  ADD UNIQUE KEY `failed_jobs_uuid_unique` (`uuid`);

--
-- Indexes for table `kriteria_value_set`
--
ALTER TABLE `kriteria_value_set`
  ADD PRIMARY KEY (`id_value_set`);

--
-- Indexes for table `master_kriteria`
--
ALTER TABLE `master_kriteria`
  ADD PRIMARY KEY (`id_kriteria`);

--
-- Indexes for table `master_pembobotan`
--
ALTER TABLE `master_pembobotan`
  ADD PRIMARY KEY (`id_pembobotan`);

--
-- Indexes for table `migrations`
--
ALTER TABLE `migrations`
  ADD PRIMARY KEY (`id`);

--
-- Indexes for table `m_core_faktor`
--
ALTER TABLE `m_core_faktor`
  ADD PRIMARY KEY (`id_core_faktor`);

--
-- Indexes for table `m_nilai_akhir`
--
ALTER TABLE `m_nilai_akhir`
  ADD PRIMARY KEY (`id_nilai_akhir`);

--
-- Indexes for table `m_secondary_faktor`
--
ALTER TABLE `m_secondary_faktor`
  ADD PRIMARY KEY (`id_secondary_faktor`);

--
-- Indexes for table `password_resets`
--
ALTER TABLE `password_resets`
  ADD KEY `password_resets_email_index` (`email`);

--
-- Indexes for table `personal_access_tokens`
--
ALTER TABLE `personal_access_tokens`
  ADD PRIMARY KEY (`id`),
  ADD UNIQUE KEY `personal_access_tokens_token_unique` (`token`),
  ADD KEY `personal_access_tokens_tokenable_type_tokenable_id_index` (`tokenable_type`,`tokenable_id`);

--
-- Indexes for table `pm_data_uji_alt`
--
ALTER TABLE `pm_data_uji_alt`
  ADD PRIMARY KEY (`id_data_uji`);

--
-- Indexes for table `pm_detail_data_uji`
--
ALTER TABLE `pm_detail_data_uji`
  ADD PRIMARY KEY (`id_detail_data_uji`);

--
-- Indexes for table `pm_hitung`
--
ALTER TABLE `pm_hitung`
  ADD PRIMARY KEY (`id_hitung`);

--
-- Indexes for table `pm_hitung_selisih`
--
ALTER TABLE `pm_hitung_selisih`
  ADD PRIMARY KEY (`id_hitung_selisih`);

--
-- Indexes for table `pm_pembobotan`
--
ALTER TABLE `pm_pembobotan`
  ADD PRIMARY KEY (`id_pembobotan`);

--
-- Indexes for table `pm_pemetaan_gap`
--
ALTER TABLE `pm_pemetaan_gap`
  ADD PRIMARY KEY (`id_pemetaan_gap`);

--
-- Indexes for table `pm_value_data_uji`
--
ALTER TABLE `pm_value_data_uji`
  ADD PRIMARY KEY (`id_value_data_uji`);

--
-- Indexes for table `users`
--
ALTER TABLE `users`
  ADD PRIMARY KEY (`id`),
  ADD UNIQUE KEY `users_email_unique` (`email`);

--
-- AUTO_INCREMENT for dumped tables
--

--
-- AUTO_INCREMENT for table `failed_jobs`
--
ALTER TABLE `failed_jobs`
  MODIFY `id` bigint(20) UNSIGNED NOT NULL AUTO_INCREMENT;

--
-- AUTO_INCREMENT for table `kriteria_value_set`
--
ALTER TABLE `kriteria_value_set`
  MODIFY `id_value_set` bigint(20) UNSIGNED NOT NULL AUTO_INCREMENT, AUTO_INCREMENT=21;

--
-- AUTO_INCREMENT for table `master_kriteria`
--
ALTER TABLE `master_kriteria`
  MODIFY `id_kriteria` bigint(20) UNSIGNED NOT NULL AUTO_INCREMENT, AUTO_INCREMENT=6;

--
-- AUTO_INCREMENT for table `master_pembobotan`
--
ALTER TABLE `master_pembobotan`
  MODIFY `id_pembobotan` bigint(20) UNSIGNED NOT NULL AUTO_INCREMENT, AUTO_INCREMENT=11;

--
-- AUTO_INCREMENT for table `migrations`
--
ALTER TABLE `migrations`
  MODIFY `id` int(10) UNSIGNED NOT NULL AUTO_INCREMENT, AUTO_INCREMENT=17;

--
-- AUTO_INCREMENT for table `m_core_faktor`
--
ALTER TABLE `m_core_faktor`
  MODIFY `id_core_faktor` bigint(20) UNSIGNED NOT NULL AUTO_INCREMENT, AUTO_INCREMENT=232;

--
-- AUTO_INCREMENT for table `m_nilai_akhir`
--
ALTER TABLE `m_nilai_akhir`
  MODIFY `id_nilai_akhir` bigint(20) UNSIGNED NOT NULL AUTO_INCREMENT, AUTO_INCREMENT=232;

--
-- AUTO_INCREMENT for table `m_secondary_faktor`
--
ALTER TABLE `m_secondary_faktor`
  MODIFY `id_secondary_faktor` bigint(20) UNSIGNED NOT NULL AUTO_INCREMENT, AUTO_INCREMENT=232;

--
-- AUTO_INCREMENT for table `personal_access_tokens`
--
ALTER TABLE `personal_access_tokens`
  MODIFY `id` bigint(20) UNSIGNED NOT NULL AUTO_INCREMENT;

--
-- AUTO_INCREMENT for table `pm_data_uji_alt`
--
ALTER TABLE `pm_data_uji_alt`
  MODIFY `id_data_uji` bigint(20) UNSIGNED NOT NULL AUTO_INCREMENT, AUTO_INCREMENT=7;

--
-- AUTO_INCREMENT for table `pm_detail_data_uji`
--
ALTER TABLE `pm_detail_data_uji`
  MODIFY `id_detail_data_uji` bigint(20) UNSIGNED NOT NULL AUTO_INCREMENT, AUTO_INCREMENT=3;

--
-- AUTO_INCREMENT for table `pm_hitung`
--
ALTER TABLE `pm_hitung`
  MODIFY `id_hitung` bigint(20) UNSIGNED NOT NULL AUTO_INCREMENT, AUTO_INCREMENT=54;

--
-- AUTO_INCREMENT for table `pm_hitung_selisih`
--
ALTER TABLE `pm_hitung_selisih`
  MODIFY `id_hitung_selisih` bigint(20) UNSIGNED NOT NULL AUTO_INCREMENT, AUTO_INCREMENT=1158;

--
-- AUTO_INCREMENT for table `pm_pembobotan`
--
ALTER TABLE `pm_pembobotan`
  MODIFY `id_pembobotan` bigint(20) UNSIGNED NOT NULL AUTO_INCREMENT, AUTO_INCREMENT=11;

--
-- AUTO_INCREMENT for table `pm_pemetaan_gap`
--
ALTER TABLE `pm_pemetaan_gap`
  MODIFY `id_pemetaan_gap` bigint(20) UNSIGNED NOT NULL AUTO_INCREMENT, AUTO_INCREMENT=1157;

--
-- AUTO_INCREMENT for table `pm_value_data_uji`
--
ALTER TABLE `pm_value_data_uji`
  MODIFY `id_value_data_uji` bigint(20) UNSIGNED NOT NULL AUTO_INCREMENT, AUTO_INCREMENT=26;

--
-- AUTO_INCREMENT for table `users`
--
ALTER TABLE `users`
  MODIFY `id` bigint(20) UNSIGNED NOT NULL AUTO_INCREMENT, AUTO_INCREMENT=2;
COMMIT;

/*!40101 SET CHARACTER_SET_CLIENT=@OLD_CHARACTER_SET_CLIENT */;
/*!40101 SET CHARACTER_SET_RESULTS=@OLD_CHARACTER_SET_RESULTS */;
/*!40101 SET COLLATION_CONNECTION=@OLD_COLLATION_CONNECTION */;
